IndicatorCode,Indicator,ValueType,ParentLocationCode,ParentLocation,Location type,SpatialDimValueCode,Location,Period type,Period,IsLatestYear,Dim1 type,Dim1,Dim1ValueCode,Dim2 type,Dim2,Dim2ValueCode,Dim3 type,Dim3,Dim3ValueCode,DataSourceDimValueCode,DataSource,FactValueNumericPrefix,FactValueNumeric,FactValueUoM,FactValueNumericLowPrefix,FactValueNumericLow,FactValueNumericHighPrefix,FactValueNumericHigh,Value,FactValueTranslationID,FactComments,Language,DateModified
HWF_0021,Physiotherapists (number),numeric,AMR,Americas,Country,BRA,Brazil,Year,2021,true,,,,,,,,,,,,,101718,,,,,,101 718,,Fonte: Cadastro Nacional de Estabelecimentos de Sa-de (CNES) - Ministerio da Sa-de  CBOs utilizados: 2236 - Fisioterapeutas,EN,2023-01-12T22:00:00.000Z
HWF_0021,Physiotherapists (number),numeric,AFR,Africa,Country,MOZ,Mozambique,Year,2021,true,,,,,,,,,,,,,123,,,,,,123,,,EN,2023-01-11T22:00:00.000Z
HWF_0021,Physiotherapists (number),numeric,EUR,Europe,Country,NOR,Norway,Year,2021,true,,,,,,,,,,,,,13683,,,,,,13 683,,"Includes practising physiotherapists. Data Source: OECD Health Data, accessed September 2022.",EN,2023-01-11T22:00:00.000Z
HWF_0021,Physiotherapists (number),numeric,AFR,Africa,Country,ZMB,Zambia,Year,2021,true,,,,,,,,,,,,,1324,,,,,,1324,,,EN,2023-01-11T22:00:00.000Z
HWF_0021,Physiotherapists (number),numeric,EUR,Europe,Country,MNE,Montenegro,Year,2021,true,,,,,,,,,,,,,150,,,,,,150,,,EN,2023-01-11T22:00:00.000Z
HWF_0021,Physiotherapists (number),numeric,WPR,Western Pacific,Country,PHL,Philippines,Year,2021,true,,,,,,,,,,,,,16028,,,,,,16 028,,"Data Source:  Professional Regulation Commission and Department of Health as of May 18, 2022 Note: Occupational Therapist 2225 Physical Therapists 13803",EN,2023-01-11T22:00:00.000Z
HWF_0021,Physiotherapists (number),numeric,SEAR,South-East Asia,Country,IDN,Indonesia,Year,2021,true,,,,,,,,,,,,,16601,,,,,,16 601,,,EN,2023-01-11T22:00:00.000Z
HWF_0021,Physiotherapists (number),numeric,AFR,Africa,Country,TGO,Togo,Year,2021,true,,,,,,,,,,,,,161,,,,,,161,,,EN,2023-01-11T22:00:00.000Z
HWF_0021,Physiotherapists (number),numeric,AMR,Americas,Country,URY,Uruguay,Year,2021,true,,,,,,,,,,,,,1650,,,,,,1650,,,EN,2023-01-11T22:00:00.000Z
HWF_0021,Physiotherapists (number),numeric,AMR,Americas,Country,CAN,Canada,Year,2021,true,,,,,,,,,,,,,19138,,,,,,19 138,,Value obtained from Practising,EN,2023-01-11T22:00:00.000Z
HWF_0021,Physiotherapists (number),numeric,AMR,Americas,Country,PER,Peru,Year,2021,true,,,,,,,,,,,,,2080,,,,,,2080,,Value obtained from Professionally Active,EN,2023-01-11T22:00:00.000Z
HWF_0021,Physiotherapists (number),numeric,AFR,Africa,Country,CMR,Cameroon,Year,2021,true,,,,,,,,,,,,,21,,,,,,21,,,EN,2023-01-11T22:00:00.000Z
HWF_0021,Physiotherapists (number),numeric,SEAR,South-East Asia,Country,NPL,Nepal,Year,2021,true,,,,,,,,,,,,,2120,,,,,,2120,,Value obtained from Licensed to Practice,EN,2023-01-11T22:00:00.000Z
HWF_0021,Physiotherapists (number),numeric,AMR,Americas,Country,COL,Colombia,Year,2021,true,,,,,,,,,,,,,30660,,,,,,30 660,,,EN,2023-01-11T22:00:00.000Z
HWF_0021,Physiotherapists (number),numeric,EUR,Europe,Country,GBR,United Kingdom of Great Britain and Northern Ireland,Year,2021,true,,,,,,,,,,,,,31760,,,,,,31 760,,"Includes practising physiotherapists. Data Source: OECD Health Data, accessed September 2022.",EN,2023-01-11T22:00:00.000Z
HWF_0021,Physiotherapists (number),numeric,SEAR,South-East Asia,Country,BTN,Bhutan,Year,2021,true,,,,,,,,,,,,,35,,,,,,35,,,EN,2023-01-11T22:00:00.000Z
HWF_0021,Physiotherapists (number),numeric,AMR,Americas,Country,CHL,Chile,Year,2021,true,,,,,,,,,,,,,35980,,,,,,35 980,,"Includes practising physiotherapists. Data Source: OECD Health Data, accessed September 2022.",EN,2023-01-11T22:00:00.000Z
HWF_0021,Physiotherapists (number),numeric,AMR,Americas,Country,PRY,Paraguay,Year,2021,true,,,,,,,,,,,,,5179,,,,,,5179,,,EN,2023-01-11T22:00:00.000Z
HWF_0021,Physiotherapists (number),numeric,EUR,Europe,Country,IRL,Ireland,Year,2021,true,,,,,,,,,,,,,5323,,,,,,5323,,"Includes practising physiotherapists. Data Source: OECD Health Data, accessed September 2022.",EN,2023-01-11T22:00:00.000Z
HWF_0021,Physiotherapists (number),numeric,WPR,Western Pacific,Country,PNG,Papua New Guinea,Year,2021,true,,,,,,,,,,,,,55,,,,,,55,,,EN,2023-01-11T22:00:00.000Z
HWF_0021,Physiotherapists (number),numeric,AFR,Africa,Country,GNB,Guinea-Bissau,Year,2021,true,,,,,,,,,,,,,6,,,,,,6,,,EN,2023-01-11T22:00:00.000Z
HWF_0021,Physiotherapists (number),numeric,EUR,Europe,Country,ISR,Israel,Year,2021,true,,,,,,,,,,,,,6800,,,,,,6800,,,EN,2023-01-11T22:00:00.000Z
HWF_0021,Physiotherapists (number),numeric,SEAR,South-East Asia,Country,LKA,Sri Lanka,Year,2021,true,,,,,,,,,,,,,747,,,,,,747,,,EN,2023-01-11T22:00:00.000Z
HWF_0021,Physiotherapists (number),numeric,AFR,Africa,Country,ZAF,South Africa,Year,2021,true,,,,,,,,,,,,,8345,,,,,,8345,,Includes physiotherapists and supplementary physiotherapists as of 1st April 2021. Health Professions Council of South Africa (HPCSA) Annual Report 2020-21. Section - Registration Growth Statistics,EN,2023-01-11T22:00:00.000Z
HWF_0022,Physiotherapy Technicians and Assistants  (number),numeric,AFR,Africa,Country,GNB,Guinea-Bissau,Year,2021,true,,,,,,,,,,,,,0,,,,,,0,,,EN,2023-01-11T22:00:00.000Z
HWF_0022,Physiotherapy Technicians and Assistants  (number),numeric,SEAR,South-East Asia,Country,IDN,Indonesia,Year,2021,true,,,,,,,,,,,,,0,,,,,,0,,,EN,2023-01-11T22:00:00.000Z
HWF_0022,Physiotherapy Technicians and Assistants  (number),numeric,AMR,Americas,Country,PRY,Paraguay,Year,2021,true,,,,,,,,,,,,,1053,,,,,,1053,,,EN,2023-01-11T22:00:00.000Z
HWF_0022,Physiotherapy Technicians and Assistants  (number),numeric,EUR,Europe,Country,MNE,Montenegro,Year,2021,true,,,,,,,,,,,,,16,,,,,,16,,,EN,2023-01-11T22:00:00.000Z
HWF_0022,Physiotherapy Technicians and Assistants  (number),numeric,AFR,Africa,Country,ZAF,South Africa,Year,2021,true,,,,,,,,,,,,,164,,,,,,164,,Includes physiotherapy assistants and physiotherapy technicians as of 1st April 2021. Health Professions Council of South Africa (HPCSA) Annual Report 2020-21. Section - Registration Growth Statistics,EN,2023-01-11T22:00:00.000Z
HWF_0022,Physiotherapy Technicians and Assistants  (number),numeric,SEAR,South-East Asia,Country,NPL,Nepal,Year,2021,true,,,,,,,,,,,,,2120,,,,,,2120,,Value obtained from Licensed to Practice,EN,2023-01-11T22:00:00.000Z
HWF_0022,Physiotherapy Technicians and Assistants  (number),numeric,WPR,Western Pacific,Country,PNG,Papua New Guinea,Year,2021,true,,,,,,,,,,,,,28,,,,,,28,,,EN,2023-01-11T22:00:00.000Z
HWF_0022,Physiotherapy Technicians and Assistants  (number),numeric,SEAR,South-East Asia,Country,BGD,Bangladesh,Year,2021,true,,,,,,,,,,,,,2848,,,,,,2848,,,EN,2023-01-11T22:00:00.000Z
HWF_0022,Physiotherapy Technicians and Assistants  (number),numeric,AMR,Americas,Country,PER,Peru,Year,2021,true,,,,,,,,,,,,,37,,,,,,37,,Value obtained from Professionally Active,EN,2023-01-11T22:00:00.000Z
HWF_0022,Physiotherapy Technicians and Assistants  (number),numeric,AFR,Africa,Country,MOZ,Mozambique,Year,2021,true,,,,,,,,,,,,,412,,,,,,412,,,EN,2023-01-11T22:00:00.000Z
HWF_0022,Physiotherapy Technicians and Assistants  (number),numeric,AMR,Americas,Country,URY,Uruguay,Year,2021,true,,,,,,,,,,,,,424,,,,,,424,,,EN,2023-01-11T22:00:00.000Z
HWF_0022,Physiotherapy Technicians and Assistants  (number),numeric,EUR,Europe,Country,ISR,Israel,Year,2021,true,,,,,,,,,,,,,5000,,,,,,5000,,,EN,2023-01-11T22:00:00.000Z
HWF_0022,Physiotherapy Technicians and Assistants  (number),numeric,SEAR,South-East Asia,Country,BTN,Bhutan,Year,2021,true,,,,,,,,,,,,,78,,,,,,78,,,EN,2023-01-11T22:00:00.000Z
HWF_0021,Physiotherapists (number),numeric,AFR,Africa,Country,GMB,Gambia,Year,2020,true,,,,,,,,,,,,,1,,,,,,1,,,EN,2023-01-11T22:00:00.000Z
HWF_0021,Physiotherapists (number),numeric,AFR,Africa,Country,SEN,Senegal,Year,2020,true,,,,,,,,,,,,,1,,,,,,1,,,EN,2023-01-11T22:00:00.000Z
HWF_0021,Physiotherapists (number),numeric,AFR,Africa,Country,SWZ,Eswatini,Year,2020,true,,,,,,,,,,,,,10,,,,,,10,,,EN,2023-01-11T22:00:00.000Z
HWF_0021,Physiotherapists (number),numeric,SEAR,South-East Asia,Country,IND,India,Year,2020,true,,,,,,,,,,,,,113937,,,,,,113 937,,,EN,2023-01-11T22:00:00.000Z
HWF_0021,Physiotherapists (number),numeric,EUR,Europe,Country,AUT,Austria,Year,2020,true,,,,,,,,,,,,,14145,,,,,,14 145,,"Includes practising physiotherapists. Data Source: OECD Health Data, accessed September 2022.",EN,2023-01-11T22:00:00.000Z
HWF_0021,Physiotherapists (number),numeric,AFR,Africa,Country,MWI,Malawi,Year,2020,true,,,,,,,,,,,,,152,,,,,,152,,,EN,2023-01-11T22:00:00.000Z
HWF_0021,Physiotherapists (number),numeric,EUR,Europe,Country,ALB,Albania,Year,2020,true,,,,,,,,,,,,,1532,,,,,,1532,,,EN,2023-01-11T22:00:00.000Z
HWF_0021,Physiotherapists (number),numeric,EUR,Europe,Country,SVN,Slovenia,Year,2020,true,,,,,,,,,,,,,1555,,,,,,1555,,"Includes practising physiotherapists. Data Source: OECD Health Data, accessed September 2022.",EN,2023-01-11T22:00:00.000Z
HWF_0021,Physiotherapists (number),numeric,AFR,Africa,Country,GAB,Gabon,Year,2020,true,,,,,,,,,,,,,17,,,,,,17,,,EN,2023-01-11T22:00:00.000Z
HWF_0021,Physiotherapists (number),numeric,EUR,Europe,Country,DEU,Germany,Year,2020,true,,,,,,,,,,,,,195000,,,,,,195 000,,,EN,2023-01-11T22:00:00.000Z
HWF_0021,Physiotherapists (number),numeric,EUR,Europe,Country,SVK,Slovakia,Year,2020,true,,,,,,,,,,,,,2033,,,,,,2033,,"Includes practising physiotherapists. Data Source: OECD Health Data, accessed September 2022.",EN,2023-01-11T22:00:00.000Z
HWF_0021,Physiotherapists (number),numeric,EUR,Europe,Country,BEL,Belgium,Year,2020,true,,,,,,,,,,,,,24171,,,,,,24 171,,"Includes practising physiotherapists. Data Source: OECD Health Data, accessed September 2022.",EN,2023-01-11T22:00:00.000Z
HWF_0021,Physiotherapists (number),numeric,AFR,Africa,Country,ETH,Ethiopia,Year,2020,true,,,,,,,,,,,,,240,,,,,,240,,,EN,2023-01-11T22:00:00.000Z
HWF_0021,Physiotherapists (number),numeric,AMR,Americas,Country,ARG,Argentina,Year,2020,true,,,,,,,,,,,,,26672,,,,,,26 672,,Datos parciales - no informaron todos los niveles subnacionales.  Informacion obtenida a partir de la Red Federal de Registros de Profesionales de la Salud (REFEPS) que incluye a todos los profesionales con habilitacion para ejercer la profesion en la,EN,2023-01-12T22:00:00.000Z
HWF_0021,Physiotherapists (number),numeric,SEAR,South-East Asia,Country,TLS,Timor-Leste,Year,2020,true,,,,,,,,,,,,,27,,,,,,27,,,EN,2023-01-11T22:00:00.000Z
HWF_0021,Physiotherapists (number),numeric,AMR,Americas,Country,USA,United States of America,Year,2020,true,,,,,,,,,,,,,292681,,,,,,292 681,,,EN,2023-01-11T22:00:00.000Z
HWF_0021,Physiotherapists (number),numeric,WPR,Western Pacific,Country,WSM,Samoa,Year,2020,true,,,,,,,,,,,,,3,,,,,,3,,,EN,2023-01-11T22:00:00.000Z
HWF_0021,Physiotherapists (number),numeric,WPR,Western Pacific,Country,TON,Tonga,Year,2020,true,,,,,,,,,,,,,3,,,,,,3,,,EN,2023-01-11T22:00:00.000Z
HWF_0021,Physiotherapists (number),numeric,WPR,Western Pacific,Country,TUV,Tuvalu,Year,2020,true,,,,,,,,,,,,,3,,,,,,3,,,EN,2023-01-11T22:00:00.000Z
HWF_0021,Physiotherapists (number),numeric,WPR,Western Pacific,Country,AUS,Australia,Year,2020,true,,,,,,,,,,,,,30527,,,,,,30 527,,,EN,2023-01-11T22:00:00.000Z
HWF_0021,Physiotherapists (number),numeric,EUR,Europe,Country,LTU,Lithuania,Year,2020,true,,,,,,,,,,,,,3108,,,,,,3108,,"Includes practising physiotherapists. Data Source: OECD Health Data, accessed September 2022.",EN,2023-01-11T22:00:00.000Z
HWF_0021,Physiotherapists (number),numeric,EUR,Europe,Country,NLD,Netherlands,Year,2020,true,,,,,,,,,,,,,33849,,,,,,33 849,,"Includes practising physiotherapists. Data Source: OECD Health Data, accessed September 2022.",EN,2023-01-11T22:00:00.000Z
HWF_0021,Physiotherapists (number),numeric,AMR,Americas,Country,GTM,Guatemala,Year,2020,true,,,,,,,,,,,,,359,,,,,,359,,"Personal a nivel de licenciatura 359 Personal registrado durante los -ltimos 10 anos. Departamento de Formacion de Recursos Humanos, Ministerio de Salud P-blica y Asistencia Social.",EN,2023-01-12T22:00:00.000Z
HWF_0021,Physiotherapists (number),numeric,AMR,Americas,Country,PAN,Panama,Year,2020,true,,,,,,,,,,,,,423,,,,,,423,,,EN,2023-01-11T22:00:00.000Z
HWF_0021,Physiotherapists (number),numeric,WPR,Western Pacific,Country,KOR,Republic of Korea,Year,2020,true,,,,,,,,,,,,,43735,,,,,,43 735,,"Includes practising physiotherapists. Data Source: OECD Health Data, accessed September 2022.",EN,2023-01-11T22:00:00.000Z
HWF_0021,Physiotherapists (number),numeric,EUR,Europe,Country,EST,Estonia,Year,2020,true,,,,,,,,,,,,,509,,,,,,509,,,EN,2023-01-11T22:00:00.000Z
HWF_0021,Physiotherapists (number),numeric,SEAR,South-East Asia,Country,MDV,Maldives,Year,2020,true,,,,,,,,,,,,,51,,,,,,51,,,EN,2023-01-11T22:00:00.000Z
HWF_0021,Physiotherapists (number),numeric,EUR,Europe,Country,HUN,Hungary,Year,2020,true,,,,,,,,,,,,,5808,,,,,,5808,,"Includes practising physiotherapists. Data Source: OECD Health Data, accessed September 2022.",EN,2023-01-11T22:00:00.000Z
HWF_0021,Physiotherapists (number),numeric,WPR,Western Pacific,Country,NZL,New Zealand,Year,2020,true,,,,,,,,,,,,,5825,,,,,,5825,,"Includes practising physiotherapists. Data Source: OECD Health Data, accessed September 2022.",EN,2023-01-11T22:00:00.000Z
HWF_0021,Physiotherapists (number),numeric,EUR,Europe,Country,ESP,Spain,Year,2020,true,,,,,,,,,,,,,59791,,,,,,59 791,,"Includes practising physiotherapists. Data Source: OECD Health Data, accessed September 2022.",EN,2023-01-11T22:00:00.000Z
HWF_0021,Physiotherapists (number),numeric,AFR,Africa,Country,SLE,Sierra Leone,Year,2020,true,,,,,,,,,,,,,6,,,,,,6,,,EN,2023-01-11T22:00:00.000Z
HWF_0021,Physiotherapists (number),numeric,EUR,Europe,Country,ISL,Iceland,Year,2020,true,,,,,,,,,,,,,650,,,,,,650,,"Includes practising physiotherapists. Data Source: OECD Health Data, accessed September 2022.",EN,2023-01-11T22:00:00.000Z
HWF_0021,Physiotherapists (number),numeric,EUR,Europe,Country,TUR,Türkiye,Year,2020,true,,,,,,,,,,,,,6588,,,,,,6588,,"Includes practising physiotherapists. Data Source: OECD Health Data, accessed September 2022.",EN,2023-01-11T22:00:00.000Z
HWF_0021,Physiotherapists (number),numeric,EUR,Europe,Country,ITA,Italy,Year,2020,true,,,,,,,,,,,,,70757,,,,,,70 757,,"Includes practising physiotherapists. Data Source: OECD Health Data, accessed September 2022.",EN,2023-01-11T22:00:00.000Z
HWF_0021,Physiotherapists (number),numeric,EUR,Europe,Country,FRA,France,Year,2020,true,,,,,,,,,,,,,91485,,,,,,91 485,,"Includes practising physiotherapists. Data Source: OECD Health Data, accessed September 2022.",EN,2023-01-11T22:00:00.000Z
HWF_0021,Physiotherapists (number),numeric,EUR,Europe,Country,LVA,Latvia,Year,2020,true,,,,,,,,,,,,,921,,,,,,921,,"Includes practising physiotherapists. Data Source: OECD Health Data, accessed September 2022.",EN,2023-01-11T22:00:00.000Z
HWF_0021,Physiotherapists (number),numeric,EUR,Europe,Country,CZE,Czechia,Year,2020,true,,,,,,,,,,,,,9444,,,,,,9444,,,EN,2023-01-11T22:00:00.000Z
HWF_0022,Physiotherapy Technicians and Assistants  (number),numeric,AFR,Africa,Country,MWI,Malawi,Year,2020,true,,,,,,,,,,,,,0,,,,,,0,,,EN,2023-01-11T22:00:00.000Z
HWF_0022,Physiotherapy Technicians and Assistants  (number),numeric,WPR,Western Pacific,Country,TUV,Tuvalu,Year,2020,true,,,,,,,,,,,,,0,,,,,,0,,,EN,2023-01-11T22:00:00.000Z
HWF_0022,Physiotherapy Technicians and Assistants  (number),numeric,AMR,Americas,Country,PAN,Panama,Year,2020,true,,,,,,,,,,,,,12,,,,,,12,,,EN,2023-01-11T22:00:00.000Z
HWF_0022,Physiotherapy Technicians and Assistants  (number),numeric,AFR,Africa,Country,GAB,Gabon,Year,2020,true,,,,,,,,,,,,,15,,,,,,15,,,EN,2023-01-11T22:00:00.000Z
HWF_0022,Physiotherapy Technicians and Assistants  (number),numeric,AFR,Africa,Country,GMB,Gambia,Year,2020,true,,,,,,,,,,,,,29,,,,,,29,,,EN,2023-01-11T22:00:00.000Z
HWF_0022,Physiotherapy Technicians and Assistants  (number),numeric,WPR,Western Pacific,Country,WSM,Samoa,Year,2020,true,,,,,,,,,,,,,3,,,,,,3,,,EN,2023-01-11T22:00:00.000Z
HWF_0022,Physiotherapy Technicians and Assistants  (number),numeric,AMR,Americas,Country,USA,United States of America,Year,2020,true,,,,,,,,,,,,,340304,,,,,,340 304,,,EN,2023-01-11T22:00:00.000Z
HWF_0022,Physiotherapy Technicians and Assistants  (number),numeric,EUR,Europe,Country,EST,Estonia,Year,2020,true,,,,,,,,,,,,,46,,,,,,46,,,EN,2023-01-11T22:00:00.000Z
HWF_0022,Physiotherapy Technicians and Assistants  (number),numeric,AMR,Americas,Country,GTM,Guatemala,Year,2020,true,,,,,,,,,,,,,469,,,,,,469,,"Personal tecnico universitario 257 Personal tecnico no universitario 212 Personal registrado durante los -ltimos 10 anos. Departamento de Formacion de Recursos Humanos, Ministerio de Salud P-blica y Asistencia Social.",EN,2023-01-12T22:00:00.000Z
HWF_0022,Physiotherapy Technicians and Assistants  (number),numeric,AFR,Africa,Country,SWZ,Eswatini,Year,2020,true,,,,,,,,,,,,,5,,,,,,5,,,EN,2023-01-11T22:00:00.000Z
HWF_0022,Physiotherapy Technicians and Assistants  (number),numeric,AFR,Africa,Country,CMR,Cameroon,Year,2020,true,,,,,,,,,,,,,64,,,,,,64,,,EN,2023-01-11T22:00:00.000Z
HWF_0022,Physiotherapy Technicians and Assistants  (number),numeric,EMR,Eastern Mediterranean,Country,OMN,Oman,Year,2020,true,,,,,,,,,,,,,662,,,,,,662,,,EN,2023-01-11T22:00:00.000Z
HWF_0022,Physiotherapy Technicians and Assistants  (number),numeric,AFR,Africa,Country,ETH,Ethiopia,Year,2020,true,,,,,,,,,,,,,9,,,,,,9,,,EN,2023-01-11T22:00:00.000Z
HWF_0022,Physiotherapy Technicians and Assistants  (number),numeric,AFR,Africa,Country,SEN,Senegal,Year,2020,true,,,,,,,,,,,,,97,,,,,,97,,,EN,2023-01-11T22:00:00.000Z
HWF_0021,Physiotherapists (number),numeric,EUR,Europe,Country,DNK,Denmark,Year,2019,true,,,,,,,,,,,,,10237,,,,,,10 237,,"Includes practising physiotherapists. Data Source: OECD Health Data, accessed September 2022.",EN,2023-01-11T22:00:00.000Z
HWF_0021,Physiotherapists (number),numeric,EUR,Europe,Country,GEO,Georgia,Year,2019,true,,,,,,,,,,,,,105,,,,,,105,,,EN,2023-01-11T22:00:00.000Z
HWF_0021,Physiotherapists (number),numeric,EUR,Europe,Country,SWE,Sweden,Year,2019,true,,,,,,,,,,,,,13699,,,,,,13 699,,"Includes practising physiotherapists. Data Source: OECD Health Data, accessed September 2022.",EN,2023-01-11T22:00:00.000Z
HWF_0021,Physiotherapists (number),numeric,AFR,Africa,Country,TCD,Chad,Year,2019,true,,,,,,,,,,,,,18,,,,,,18,,,EN,2023-01-11T22:00:00.000Z
HWF_0021,Physiotherapists (number),numeric,AFR,Africa,Country,NGA,Nigeria,Year,2019,true,,,,,,,,,,,,,4971,,,,,,4971,,,EN,2023-01-11T22:00:00.000Z
HWF_0021,Physiotherapists (number),numeric,EUR,Europe,Country,MDA,Republic of Moldova,Year,2019,true,,,,,,,,,,,,,88,,,,,,88,,,EN,2023-01-11T22:00:00.000Z
HWF_0021,Physiotherapists (number),numeric,EUR,Europe,Country,GRC,Greece,Year,2019,true,,,,,,,,,,,,,8869,,,,,,8869,,"Includes practising physiotherapists. Data Source: OECD Health Data, accessed September 2022.",EN,2023-01-11T22:00:00.000Z
HWF_0021,Physiotherapists (number),numeric,AMR,Americas,Country,SUR,Suriname,Year,2019,true,,,,,,,,,,,,,97,,,,,,97,,,EN,2023-01-11T22:00:00.000Z
HWF_0022,Physiotherapy Technicians and Assistants  (number),numeric,AFR,Africa,Country,NGA,Nigeria,Year,2019,true,,,,,,,,,,,,,118,,,,,,118,,,EN,2023-01-11T22:00:00.000Z
HWF_0022,Physiotherapy Technicians and Assistants  (number),numeric,EUR,Europe,Country,TUR,Türkiye,Year,2019,true,,,,,,,,,,,,,1992,,,,,,1992,,,EN,2023-01-11T22:00:00.000Z
HWF_0022,Physiotherapy Technicians and Assistants  (number),numeric,AFR,Africa,Country,TGO,Togo,Year,2019,true,,,,,,,,,,,,,58,,,,,,58,,Public and private,EN,2023-01-11T22:00:00.000Z
HWF_0021,Physiotherapists (number),numeric,AMR,Americas,Country,GUY,Guyana,Year,2018,true,,,,,,,,,,,,,12,,,,,,12,,Includes Physiotherapists.  Data Source: Personnel & Payroll,EN,2023-01-11T22:00:00.000Z
HWF_0021,Physiotherapists (number),numeric,EUR,Europe,Country,PRT,Portugal,Year,2018,true,,,,,,,,,,,,,1456,,,,,,1456,,"Includes practising physiotherapists. Data Source: OECD Health Data, accessed September 2022.",EN,2023-01-11T22:00:00.000Z
HWF_0021,Physiotherapists (number),numeric,AFR,Africa,Country,NAM,Namibia,Year,2018,true,,,,,,,,,,,,,155,,,,,,155,,,EN,2023-01-11T22:00:00.000Z
HWF_0021,Physiotherapists (number),numeric,AFR,Africa,Country,DZA,Algeria,Year,2018,true,,,,,,,,,,,,,1751,,,,,,1751,,,EN,2023-01-11T22:00:00.000Z
HWF_0021,Physiotherapists (number),numeric,AMR,Americas,Country,JAM,Jamaica,Year,2018,true,,,,,,,,,,,,,198,,,,,,198,,,EN,2023-01-11T22:00:00.000Z
HWF_0021,Physiotherapists (number),numeric,AMR,Americas,Country,NIC,Nicaragua,Year,2018,true,,,,,,,,,,,,,204,,,,,,204,,Includes Fisioterapistas (Physiotherapists).  Data Source: Integrated Financial Management System (SIGAF),EN,2023-01-11T22:00:00.000Z
HWF_0021,Physiotherapists (number),numeric,EMR,Eastern Mediterranean,Country,IRQ,Iraq,Year,2018,true,,,,,,,,,,,,,21,,,,,,21,,,EN,2023-01-11T22:00:00.000Z
HWF_0021,Physiotherapists (number),numeric,AFR,Africa,Country,RWA,Rwanda,Year,2018,true,,,,,,,,,,,,,225,,,,,,225,,Rwanda HLMA report 2018 http://www.moh.gov.rw/fileadmin/user_upload/Publication/Rwanda_HLMA_Report.pdf,EN,2023-01-12T22:00:00.000Z
HWF_0021,Physiotherapists (number),numeric,EMR,Eastern Mediterranean,Country,LBN,Lebanon,Year,2018,true,,,,,,,,,,,,,2371,,,,,,2371,,,EN,2023-01-11T22:00:00.000Z
HWF_0021,Physiotherapists (number),numeric,EMR,Eastern Mediterranean,Country,SAU,Saudi Arabia,Year,2018,true,,,,,,,,,,,,,4210,,,,,,4210,,,EN,2023-01-11T22:00:00.000Z
HWF_0021,Physiotherapists (number),numeric,SEAR,South-East Asia,Country,THA,Thailand,Year,2018,true,,,,,,,,,,,,,4355,,,,,,4355,,,EN,2023-01-11T22:00:00.000Z
HWF_0021,Physiotherapists (number),numeric,AFR,Africa,Country,ZWE,Zimbabwe,Year,2018,true,,,,,,,,,,,,,439,,,,,,439,,,EN,2023-01-11T22:00:00.000Z
HWF_0021,Physiotherapists (number),numeric,EMR,Eastern Mediterranean,Country,EGY,Egypt,Year,2018,true,,,,,,,,,,,,,4498,,,,,,4498,,,EN,2023-01-11T22:00:00.000Z
HWF_0021,Physiotherapists (number),numeric,AFR,Africa,Country,BEN,Benin,Year,2018,true,,,,,,,,,,,,,58,,,,,,58,,Source: Ministere de la Sante.,EN,2023-01-12T22:00:00.000Z
HWF_0021,Physiotherapists (number),numeric,AFR,Africa,Country,MRT,Mauritania,Year,2018,true,,,,,,,,,,,,,7,,,,,,7,,,EN,2023-01-11T22:00:00.000Z
HWF_0021,Physiotherapists (number),numeric,AMR,Americas,Country,TTO,Trinidad and Tobago,Year,2018,true,,,,,,,,,,,,,81,,,,,,81,,,EN,2023-01-11T22:00:00.000Z
HWF_0021,Physiotherapists (number),numeric,EUR,Europe,Country,FIN,Finland,Year,2018,true,,,,,,,,,,,,,9011,,,,,,9011,,"Includes practising physiotherapists. Data Source: OECD Health Data, accessed September 2022.",EN,2023-01-11T22:00:00.000Z
HWF_0022,Physiotherapy Technicians and Assistants  (number),numeric,SEAR,South-East Asia,Country,MDV,Maldives,Year,2018,true,,,,,,,,,,,,,1,,,,,,1,,,EN,2023-01-11T22:00:00.000Z
HWF_0022,Physiotherapy Technicians and Assistants  (number),numeric,AMR,Americas,Country,GUY,Guyana,Year,2018,true,,,,,,,,,,,,,15,,,,,,15,,Includes Rehabilitative Assistant.  Data Source: Personnel & Payroll,EN,2023-01-11T22:00:00.000Z
HWF_0022,Physiotherapy Technicians and Assistants  (number),numeric,EUR,Europe,Country,GEO,Georgia,Year,2018,true,,,,,,,,,,,,,191,,,,,,191,,Source: Data provide by SoWN focal point,EN,2023-01-11T22:00:00.000Z
HWF_0022,Physiotherapy Technicians and Assistants  (number),numeric,AFR,Africa,Country,DZA,Algeria,Year,2018,true,,,,,,,,,,,,,220,,,,,,220,,,EN,2023-01-11T22:00:00.000Z
HWF_0022,Physiotherapy Technicians and Assistants  (number),numeric,AFR,Africa,Country,ZWE,Zimbabwe,Year,2018,true,,,,,,,,,,,,,249,,,,,,249,,,EN,2023-01-11T22:00:00.000Z
HWF_0022,Physiotherapy Technicians and Assistants  (number),numeric,EMR,Eastern Mediterranean,Country,SAU,Saudi Arabia,Year,2018,true,,,,,,,,,,,,,2549,,,,,,2549,,,EN,2023-01-11T22:00:00.000Z
HWF_0022,Physiotherapy Technicians and Assistants  (number),numeric,AMR,Americas,Country,JAM,Jamaica,Year,2018,true,,,,,,,,,,,,,39,,,,,,39,,,EN,2023-01-11T22:00:00.000Z
HWF_0021,Physiotherapists (number),numeric,EUR,Europe,Country,LUX,Luxembourg,Year,2017,true,,,,,,,,,,,,,1198,,,,,,1198,,"Includes practising physiotherapists. Data Source: OECD Health Data, accessed September 2022.",EN,2023-01-11T22:00:00.000Z
HWF_0021,Physiotherapists (number),numeric,AFR,Africa,Country,BFA,Burkina Faso,Year,2017,true,,,,,,,,,,,,,18,,,,,,18,,,EN,2023-01-11T22:00:00.000Z
HWF_0021,Physiotherapists (number),numeric,EUR,Europe,Country,POL,Poland,Year,2017,true,,,,,,,,,,,,,26495,,,,,,26 495,,"Includes practising physiotherapists. Data Source: OECD Health Data, accessed September 2022.",EN,2023-01-11T22:00:00.000Z
HWF_0021,Physiotherapists (number),numeric,AFR,Africa,Country,GHA,Ghana,Year,2017,true,,,,,,,,,,,,,324,,,,,,324,,Source:THE HEALTH SECTOR IN GHANA FACTS AND FIGURES 2018,EN,2023-01-11T22:00:00.000Z
HWF_0022,Physiotherapy Technicians and Assistants  (number),numeric,AMR,Americas,Country,BRA,Brazil,Year,2017,true,,,,,,,,,,,,,39479,,,,,,39 479,,"Includes Physiotherapy Technicians and Assistants.  Data Source: Estimated health workforce from Labour Force Survey, ILO 2018",EN,2023-01-11T22:00:00.000Z
HWF_0021,Physiotherapists (number),numeric,WPR,Western Pacific,Country,SGP,Singapore,Year,2016,true,,,,,,,,,,,,,1693,,,,,,1693,,Includes Physiotherapists .,EN,2023-01-11T22:00:00.000Z
HWF_0021,Physiotherapists (number),numeric,AMR,Americas,Country,SLV,El Salvador,Year,2016,true,,,,,,,,,,,,,292,,,,,,292,,"Includes Physiotherapists.  Data Source: Estimated health workforce from Labour Force Survey, ILO 2018",EN,2023-01-11T22:00:00.000Z
HWF_0021,Physiotherapists (number),numeric,EUR,Europe,Country,SRB,Serbia,Year,2016,true,,,,,,,,,,,,,4219,,,,,,4219,,"Includes Physiotherapists.  Data Source: Estimated health workforce from Labour Force Survey, ILO 2018",EN,2023-01-11T22:00:00.000Z
HWF_0021,Physiotherapists (number),numeric,AMR,Americas,Country,CRI,Costa Rica,Year,2016,true,,,,,,,,,,,,,516,,,,,,516,,,EN,2023-01-11T22:00:00.000Z
HWF_0022,Physiotherapy Technicians and Assistants  (number),numeric,EUR,Europe,Country,SRB,Serbia,Year,2016,true,,,,,,,,,,,,,2290,,,,,,2290,,"Includes Physiotherapy Technicians and Assistants.  Data Source: Estimated health workforce from Labour Force Survey, ILO 2018",EN,2023-01-11T22:00:00.000Z
HWF_0022,Physiotherapy Technicians and Assistants  (number),numeric,AMR,Americas,Country,CRI,Costa Rica,Year,2016,true,,,,,,,,,,,,,306,,,,,,306,,,EN,2023-01-11T22:00:00.000Z
HWF_0022,Physiotherapy Technicians and Assistants  (number),numeric,SEAR,South-East Asia,Country,THA,Thailand,Year,2016,true,,,,,,,,,,,,,42282,,,,,,42 282,,"Includes Physiotherapy Technicians and Assistants.  Data Source: Estimated health workforce from Labour Force Survey, ILO 2018",EN,2023-01-11T22:00:00.000Z
HWF_0022,Physiotherapy Technicians and Assistants  (number),numeric,AFR,Africa,Country,ZMB,Zambia,Year,2016,true,,,,,,,,,,,,,432,,,,,,432,,,EN,2023-01-11T22:00:00.000Z
HWF_0022,Physiotherapy Technicians and Assistants  (number),numeric,AMR,Americas,Country,SLV,El Salvador,Year,2016,true,,,,,,,,,,,,,609,,,,,,609,,"Includes Physiotherapy Technicians and Assistants.  Data Source: Estimated health workforce from Labour Force Survey, ILO 2018",EN,2023-01-11T22:00:00.000Z
HWF_0021,Physiotherapists (number),numeric,WPR,Western Pacific,Country,NRU,Nauru,Year,2015,true,,,,,,,,,,,,,1,,,,,,1,,Includes Physiotherapists.  Data Source: Ministry of Health & Medical Services,EN,2023-01-11T22:00:00.000Z
HWF_0021,Physiotherapists (number),numeric,AFR,Africa,Country,UGA,Uganda,Year,2015,true,,,,,,,,,,,,,114,,,,,,114,,Includes Physiotherapists .,EN,2023-01-11T22:00:00.000Z
HWF_0021,Physiotherapists (number),numeric,WPR,Western Pacific,Country,MYS,Malaysia,Year,2015,true,,,,,,,,,,,,,1361,,,,,,1361,,Includes Physiotherapists .,EN,2023-01-11T22:00:00.000Z
HWF_0021,Physiotherapists (number),numeric,EUR,Europe,Country,BGR,Bulgaria,Year,2015,true,,,,,,,,,,,,,1612,,,,,,1612,,"Includes Practising physiotherapists. Data source: WHO/Europe, Hlth-Res-DB, November 2019",EN,2023-01-11T22:00:00.000Z
HWF_0021,Physiotherapists (number),numeric,WPR,Western Pacific,Country,BRN,Brunei Darussalam,Year,2015,true,,,,,,,,,,,,,21,,,,,,21,,Includes Physiotherapists .,EN,2023-01-11T22:00:00.000Z
HWF_0021,Physiotherapists (number),numeric,WPR,Western Pacific,Country,FJI,Fiji,Year,2015,true,,,,,,,,,,,,,21,,,,,,21,,Includes Physiotherapists .,EN,2023-01-11T22:00:00.000Z
HWF_0021,Physiotherapists (number),numeric,EUR,Europe,Country,HRV,Croatia,Year,2015,true,,,,,,,,,,,,,3030,,,,,,3030,,"Includes Practising physiotherapists. Data source: WHO/Europe, Hlth-Res-DB, November 2019",EN,2023-01-11T22:00:00.000Z
HWF_0021,Physiotherapists (number),numeric,AMR,Americas,Country,ECU,Ecuador,Year,2015,true,,,,,,,,,,,,,3307,,,,,,3307,,"Includes Physiotherapists.  Data Source: Estimated health workforce from Labour Force Survey, ILO 2018",EN,2023-01-11T22:00:00.000Z
HWF_0021,Physiotherapists (number),numeric,EUR,Europe,Country,MLT,Malta,Year,2015,true,,,,,,,,,,,,,437,,,,,,437,,"Includes Practising physiotherapists. Data source: WHO/Europe, Hlth-Res-DB, November 2019",EN,2023-01-11T22:00:00.000Z
HWF_0021,Physiotherapists (number),numeric,EUR,Europe,Country,BIH,Bosnia and Herzegovina,Year,2015,true,,,,,,,,,,,,,578,,,,,,578,,"Includes Practising physiotherapists. Data source: WHO/Europe, Hlth-Res-DB, November 2019",EN,2023-01-11T22:00:00.000Z
HWF_0021,Physiotherapists (number),numeric,EUR,Europe,Country,KAZ,Kazakhstan,Year,2015,true,,,,,,,,,,,,,629,,,,,,629,,"Includes Practising physiotherapists. Data source: WHO/Europe, Hlth-Res-DB, November 2019",EN,2023-01-11T22:00:00.000Z
HWF_0021,Physiotherapists (number),numeric,EUR,Europe,Country,CYP,Cyprus,Year,2015,true,,,,,,,,,,,,,733,,,,,,733,,"Includes Practising physiotherapists. Data source: WHO/Europe, Hlth-Res-DB, November 2019",EN,2023-01-11T22:00:00.000Z
HWF_0021,Physiotherapists (number),numeric,EUR,Europe,Country,ARM,Armenia,Year,2015,true,,,,,,,,,,,,,89,,,,,,89,,"Includes Practising physiotherapists. Data source: WHO/Europe, Hlth-Res-DB, November 2019",EN,2023-01-11T22:00:00.000Z
HWF_0022,Physiotherapy Technicians and Assistants  (number),numeric,EMR,Eastern Mediterranean,Country,BHR,Bahrain,Year,2015,true,,,,,,,,,,,,,132,,,,,,132,,Includes Physiotherapy Technicians and Assistants .,EN,2023-01-11T22:00:00.000Z
HWF_0022,Physiotherapy Technicians and Assistants  (number),numeric,WPR,Western Pacific,Country,NRU,Nauru,Year,2015,true,,,,,,,,,,,,,2,,,,,,2,,Includes Physiotherapy assistant.  Data Source: Ministry of Health & Medical Services,EN,2023-01-11T22:00:00.000Z
HWF_0022,Physiotherapy Technicians and Assistants  (number),numeric,AMR,Americas,Country,ECU,Ecuador,Year,2015,true,,,,,,,,,,,,,2491,,,,,,2491,,"Includes Physiotherapy Technicians and Assistants.  Data Source: Estimated health workforce from Labour Force Survey, ILO 2018",EN,2023-01-11T22:00:00.000Z
HWF_0021,Physiotherapists (number),numeric,WPR,Western Pacific,Country,COK,Cook Islands,Year,2014,true,,,,,,,,,,,,,1,,,,,,1,,Includes Physiotherapists.  Data Source: Ministry of Health- Human Resource Information Management System and Policy Set,EN,2023-01-12T22:00:00.000Z
HWF_0021,Physiotherapists (number),numeric,EUR,Europe,Country,KGZ,Kyrgyzstan,Year,2014,true,,,,,,,,,,,,,133,,,,,,133,,"Includes Practising physiotherapists. Data source: WHO/Europe, Hlth-Res-DB, November 2019",EN,2023-01-11T22:00:00.000Z
HWF_0021,Physiotherapists (number),numeric,EUR,Europe,Country,UKR,Ukraine,Year,2014,true,,,,,,,,,,,,,14692,,,,,,14 692,,"Includes Practising physiotherapists. Data source: WHO/Europe, Hlth-Res-DB, November 2019",EN,2023-01-11T22:00:00.000Z
HWF_0021,Physiotherapists (number),numeric,EUR,Europe,Country,TJK,Tajikistan,Year,2014,true,,,,,,,,,,,,,171,,,,,,171,,"Includes Practising physiotherapists. Data source: WHO/Europe, Hlth-Res-DB, November 2019",EN,2023-01-11T22:00:00.000Z
HWF_0021,Physiotherapists (number),numeric,WPR,Western Pacific,Country,KHM,Cambodia,Year,2014,true,,,,,,,,,,,,,176,,,,,,176,,Includes Physiotherapists .,EN,2023-01-11T22:00:00.000Z
HWF_0021,Physiotherapists (number),numeric,EUR,Europe,Country,SMR,San Marino,Year,2014,true,,,,,,,,,,,,,19,,,,,,19,,"Includes Practising physiotherapists. Data source: WHO/Europe, Hlth-Res-DB, November 2019",EN,2023-01-11T22:00:00.000Z
HWF_0021,Physiotherapists (number),numeric,WPR,Western Pacific,Country,LAO,Lao People's Democratic Republic,Year,2014,true,,,,,,,,,,,,,252,,,,,,252,,Includes Physiotherapists .,EN,2023-01-11T22:00:00.000Z
HWF_0021,Physiotherapists (number),numeric,EUR,Europe,Country,AZE,Azerbaijan,Year,2014,true,,,,,,,,,,,,,286,,,,,,286,,"Includes Practising physiotherapists. Data source: WHO/Europe, Hlth-Res-DB, November 2019",EN,2023-01-11T22:00:00.000Z
HWF_0021,Physiotherapists (number),numeric,EUR,Europe,Country,UZB,Uzbekistan,Year,2014,true,,,,,,,,,,,,,324,,,,,,324,,"Includes Practising physiotherapists. Data source: WHO/Europe, Hlth-Res-DB, November 2019",EN,2023-01-11T22:00:00.000Z
HWF_0021,Physiotherapists (number),numeric,EUR,Europe,Country,RUS,Russian Federation,Year,2014,true,,,,,,,,,,,,,5472,,,,,,5472,,"Includes Practising physiotherapists. Data source: WHO/Europe, Hlth-Res-DB, November 2019",EN,2023-01-11T22:00:00.000Z
HWF_0021,Physiotherapists (number),numeric,EUR,Europe,Country,MCO,Monaco,Year,2014,true,,,,,,,,,,,,,59,,,,,,59,,"Includes Practising physiotherapists. Data source: WHO/Europe, Hlth-Res-DB, November 2019",EN,2023-01-11T22:00:00.000Z
HWF_0021,Physiotherapists (number),numeric,AFR,Africa,Country,CIV,Côte d’Ivoire,Year,2014,true,,,,,,,,,,,,,60,,,,,,60,,"Includes PHYTOTHERAPEUTE.  Data Source: Health workforce from census data. Minnesota Population Center. Integrated Public Use Microdata Series, International: Version 7.1. Minneapolis, MN: IPUMS, 2018. https://doi.org/10.18128/D020.V7.1",EN,2023-01-11T22:00:00.000Z
HWF_0021,Physiotherapists (number),numeric,EUR,Europe,Country,TKM,Turkmenistan,Year,2014,true,,,,,,,,,,,,,95,,,,,,95,,"Includes Practising physiotherapists. Data source: WHO/Europe, Hlth-Res-DB, November 2019",EN,2023-01-11T22:00:00.000Z
HWF_0022,Physiotherapy Technicians and Assistants  (number),numeric,EUR,Europe,Country,FRA,France,Year,2014,true,,,,,,,,,,,,,17442,,,,,,17 442,,"Includes Masseurs reeducateurs, salaries.  Data Source: Health workforce from census data. Minnesota Population Center. Integrated Public Use Microdata Series, International: Version 7.1. Minneapolis, MN: IPUMS, 2018. https://doi.org/10.18128/D020.V7.1",EN,2023-01-12T22:00:00.000Z
HWF_0021,Physiotherapists (number),numeric,WPR,Western Pacific,Country,SLB,Solomon Islands,Year,2013,true,,,,,,,,,,,,,25,,,,,,25,,Includes Physiotherapists .,EN,2023-01-11T22:00:00.000Z
HWF_0021,Physiotherapists (number),numeric,WPR,Western Pacific,Country,KIR,Kiribati,Year,2013,true,,,,,,,,,,,,,3,,,,,,3,,Includes Physiotherapists .,EN,2023-01-11T22:00:00.000Z
HWF_0021,Physiotherapists (number),numeric,EUR,Europe,Country,MKD,The former Yugoslav Republic of Macedonia,Year,2013,true,,,,,,,,,,,,,309,,,,,,309,,"Includes Practising physiotherapists. Data source: WHO/Europe, Hlth-Res-DB, November 2019",EN,2023-01-11T22:00:00.000Z
HWF_0021,Physiotherapists (number),numeric,EMR,Eastern Mediterranean,Country,OMN,Oman,Year,2013,true,,,,,,,,,,,,,402,,,,,,402,,,EN,2023-01-11T22:00:00.000Z
HWF_0021,Physiotherapists (number),numeric,EUR,Europe,Country,ROU,Romania,Year,2013,true,,,,,,,,,,,,,925,,,,,,925,,"Includes Practising physiotherapists. Data source: WHO/Europe, Hlth-Res-DB, November 2019",EN,2023-01-11T22:00:00.000Z
HWF_0022,Physiotherapy Technicians and Assistants  (number),numeric,WPR,Western Pacific,Country,KIR,Kiribati,Year,2013,true,,,,,,,,,,,,,1,,,,,,1,,Includes Physiotherapy Technicians and Assistants .,EN,2023-01-11T22:00:00.000Z
HWF_0022,Physiotherapy Technicians and Assistants  (number),numeric,EUR,Europe,Country,SVK,Slovakia,Year,2013,true,,,,,,,,,,,,,532,,,,,,532,,Includes Physiotherapy Technicians and Assistants .,EN,2023-01-11T22:00:00.000Z
HWF_0021,Physiotherapists (number),numeric,AFR,Africa,Country,TZA,United Republic of Tanzania,Year,2012,true,,,,,,,,,,,,,118,,,,,,118,,Includes Physiotherapists .,EN,2023-01-11T22:00:00.000Z
HWF_0021,Physiotherapists (number),numeric,WPR,Western Pacific,Country,MHL,Marshall Islands,Year,2012,true,,,,,,,,,,,,,3,,,,,,3,,Includes Physiotherapists .,EN,2023-01-11T22:00:00.000Z
HWF_0021,Physiotherapists (number),numeric,WPR,Western Pacific,Country,VUT,Vanuatu,Year,2012,true,,,,,,,,,,,,,3,,,,,,3,,"Includes Physiotherapists.  Data Source: A situation analysis of health workforce in Vanuatu, 2012. The University of New South Wales, Sydney, Australia.",EN,2023-01-11T22:00:00.000Z
HWF_0021,Physiotherapists (number),numeric,SEAR,South-East Asia,Country,BGD,Bangladesh,Year,2012,true,,,,,,,,,,,,,823,,,,,,823,,Includes Physiotherapists .,EN,2023-01-11T22:00:00.000Z
HWF_0022,Physiotherapy Technicians and Assistants  (number),numeric,AFR,Africa,Country,TZA,United Republic of Tanzania,Year,2012,true,,,,,,,,,,,,,12,,,,,,12,,Includes Physiotherapy Technicians and Assistants .,EN,2023-01-11T22:00:00.000Z
HWF_0022,Physiotherapy Technicians and Assistants  (number),numeric,WPR,Western Pacific,Country,SLB,Solomon Islands,Year,2012,true,,,,,,,,,,,,,14,,,,,,14,,Includes Physiotherapy Technicians and Assistants .,EN,2023-01-11T22:00:00.000Z
HWF_0022,Physiotherapy Technicians and Assistants  (number),numeric,WPR,Western Pacific,Country,BRN,Brunei Darussalam,Year,2012,true,,,,,,,,,,,,,19,,,,,,19,,Includes Physiotherapy Technicians and Assistants .,EN,2023-01-11T22:00:00.000Z
HWF_0022,Physiotherapy Technicians and Assistants  (number),numeric,WPR,Western Pacific,Country,MHL,Marshall Islands,Year,2012,true,,,,,,,,,,,,,2,,,,,,2,,Includes Physiotherapy Technicians and Assistants .,EN,2023-01-11T22:00:00.000Z
HWF_0021,Physiotherapists (number),numeric,AMR,Americas,Country,HTI,Haiti,Year,2011,true,,,,,,,,,,,,,35,,,,,,35,,"Includes Kinesitherapeutes-physiotherapeutes (physiotherapists).  Data Source: Ministry of Public Health and Population, Survey of health institutions",EN,2023-01-12T22:00:00.000Z
HWF_0021,Physiotherapists (number),numeric,AMR,Americas,Country,BHS,Bahamas,Year,2011,true,,,,,,,,,,,,,55,,,,,,55,,Includes Physiotherapists .,EN,2023-01-11T22:00:00.000Z
HWF_0021,Physiotherapists (number),numeric,WPR,Western Pacific,Country,JPN,Japan,Year,2011,true,,,,,,,,,,,,,61620,,,,,,61 620,,"Includes Physiotherapists.  Data Source: Annual Health, Labour and Welfare Report 2012-2013. Ministry of Health, Labour and Welfare [http://www.mhlw.go.jp/english/wp/wp-hw7/dl/02e.pdf]",EN,2023-01-11T22:00:00.000Z
HWF_0021,Physiotherapists (number),numeric,AFR,Africa,Country,MUS,Mauritius,Year,2011,true,,,,,,,,,,,,,98,,,,,,98,,"Includes Physiotherapist, Physiotherapists and related associate p.  Data Source: Health workforce from census data. Minnesota Population Center. Integrated Public Use Microdata Series, International: Version 7.1. Minneapolis, MN: IPUMS, 2018. https://doi",EN,2023-01-11T22:00:00.000Z
HWF_0022,Physiotherapy Technicians and Assistants  (number),numeric,SEAR,South-East Asia,Country,TLS,Timor-Leste,Year,2011,true,,,,,,,,,,,,,1,,,,,,1,,Includes Physiotherapy Technicians and Assistants .,EN,2023-01-11T22:00:00.000Z
HWF_0022,Physiotherapy Technicians and Assistants  (number),numeric,EUR,Europe,Country,GRC,Greece,Year,2011,true,,,,,,,,,,,,,2360,,,,,,2360,,"Includes Physiotherapy technicians and assistants.  Data Source: Health workforce from census data. Minnesota Population Center. Integrated Public Use Microdata Series, International: Version 7.1. Minneapolis, MN: IPUMS, 2018. https://doi.org/10.18128/D02",EN,2023-01-11T22:00:00.000Z
HWF_0022,Physiotherapy Technicians and Assistants  (number),numeric,AFR,Africa,Country,MUS,Mauritius,Year,2011,true,,,,,,,,,,,,,295,,,,,,295,,"Includes Physiotherapy assistant, Masseur, professional.  Data Source: Health workforce from census data. Minnesota Population Center. Integrated Public Use Microdata Series, International: Version 7.1. Minneapolis, MN: IPUMS, 2018. https://doi.org/10.181",EN,2023-01-11T22:00:00.000Z
HWF_0022,Physiotherapy Technicians and Assistants  (number),numeric,EUR,Europe,Country,ROU,Romania,Year,2011,true,,,,,,,,,,,,,3230,,,,,,3230,,"Includes Physiotherapy technicians and assistants.  Data Source: Health workforce from census data. Minnesota Population Center. Integrated Public Use Microdata Series, International: Version 7.1. Minneapolis, MN: IPUMS, 2018. https://doi.org/10.18128/D02",EN,2023-01-11T22:00:00.000Z
HWF_0022,Physiotherapy Technicians and Assistants  (number),numeric,AMR,Americas,Country,BOL,Bolivia (Plurinational State of),Year,2011,true,,,,,,,,,,,,,39,,,,,,39,,Includes Physiotherapy Technicians and Assistants .,EN,2023-01-11T22:00:00.000Z
HWF_0022,Physiotherapy Technicians and Assistants  (number),numeric,AMR,Americas,Country,BHS,Bahamas,Year,2011,true,,,,,,,,,,,,,4,,,,,,4,,Includes Physiotherapy Technicians and Assistants .,EN,2023-01-11T22:00:00.000Z
HWF_0021,Physiotherapists (number),numeric,EMR,Eastern Mediterranean,Country,YEM,Yemen,Year,2010,true,,,,,,,,,,,,,16,,,,,,16,,Includes Physiotherapists .,EN,2023-01-11T22:00:00.000Z
HWF_0021,Physiotherapists (number),numeric,AFR,Africa,Country,MLI,Mali,Year,2010,true,,,,,,,,,,,,,4378,,,,,,4378,,Includes Physiotherapists .,EN,2023-01-11T22:00:00.000Z
HWF_0021,Physiotherapists (number),numeric,AFR,Africa,Country,LBR,Liberia,Year,2010,true,,,,,,,,,,,,,6,,,,,,6,,Includes Physiotherapists .,EN,2023-01-11T22:00:00.000Z
HWF_0022,Physiotherapy Technicians and Assistants  (number),numeric,AMR,Americas,Country,CUB,Cuba,Year,2010,true,,,,,,,,,,,,,4374,,,,,,4374,,Includes Physiotherapy Technicians and Assistants .,EN,2023-01-11T22:00:00.000Z
HWF_0022,Physiotherapy Technicians and Assistants  (number),numeric,EMR,Eastern Mediterranean,Country,YEM,Yemen,Year,2010,true,,,,,,,,,,,,,61,,,,,,61,,Includes Physiotherapy Technicians and Assistants .,EN,2023-01-11T22:00:00.000Z
HWF_0021,Physiotherapists (number),numeric,AFR,Africa,Country,BWA,Botswana,Year,2009,true,,,,,,,,,,,,,53,,,,,,53,,Includes Physiotherapists .,EN,2023-01-11T22:00:00.000Z
HWF_0022,Physiotherapy Technicians and Assistants  (number),numeric,AFR,Africa,Country,COD,Democratic Republic of the Congo,Year,2009,true,,,,,,,,,,,,,302,,,,,,302,,Includes Physiotherapy Technicians and Assistants .,EN,2023-01-11T22:00:00.000Z
HWF_0022,Physiotherapy Technicians and Assistants  (number),numeric,AMR,Americas,Country,CHL,Chile,Year,2009,true,,,,,,,,,,,,,3057,,,,,,3057,,Includes Physiotherapy Technicians and Assistants .,EN,2023-01-11T22:00:00.000Z
HWF_0022,Physiotherapy Technicians and Assistants  (number),numeric,AFR,Africa,Country,RWA,Rwanda,Year,2009,true,,,,,,,,,,,,,90,,,,,,90,,Includes Physiotherapy Technicians and Assistants .,EN,2023-01-11T22:00:00.000Z
HWF_0021,Physiotherapists (number),numeric,AFR,Africa,Country,NER,Niger,Year,2008,true,,,,,,,,,,,,,7,,,,,,7,,Includes Physiotherapists .,EN,2023-01-11T22:00:00.000Z
HWF_0022,Physiotherapy Technicians and Assistants  (number),numeric,WPR,Western Pacific,Country,JPN,Japan,Year,2008,true,,,,,,,,,,,,,316696,,,,,,316 696,,Includes Physiotherapy Technicians and Assistants .,EN,2023-01-11T22:00:00.000Z
HWF_0021,Physiotherapists (number),numeric,EMR,Eastern Mediterranean,Country,QAT,Qatar,Year,2006,true,,,,,,,,,,,,,111,,,,,,111,,Includes Physiotherapists .,EN,2023-01-11T22:00:00.000Z
HWF_0021,Physiotherapists (number),numeric,EMR,Eastern Mediterranean,Country,IRN,Iran (Islamic Republic of),Year,2006,true,,,,,,,,,,,,,3580,,,,,,3580,,"Includes Physiotherapists and related associate p.  Data Source: Health workforce from census data. Minnesota Population Center. Integrated Public Use Microdata Series, International: Version 7.1. Minneapolis, MN: IPUMS, 2018. https://doi.org/10.18128/D02",EN,2023-01-11T22:00:00.000Z
HWF_0021,Physiotherapists (number),numeric,EMR,Eastern Mediterranean,Country,SOM,Somalia,Year,2005,true,,,,,,,,,,,,,16,,,,,,16,,Includes Physiotherapists .,EN,2023-01-11T22:00:00.000Z
HWF_0021,Physiotherapists (number),numeric,AMR,Americas,Country,BRB,Barbados,Year,2005,true,,,,,,,,,,,,,22,,,,,,22,,Includes Physiotherapists .,EN,2023-01-11T22:00:00.000Z
HWF_0021,Physiotherapists (number),numeric,EMR,Eastern Mediterranean,Country,DJI,Djibouti,Year,2005,true,,,,,,,,,,,,,3,,,,,,3,,Includes Physiotherapists .,EN,2023-01-11T22:00:00.000Z
HWF_0021,Physiotherapists (number),numeric,AFR,Africa,Country,KEN,Kenya,Year,2004,true,,,,,,,,,,,,,1000,,,,,,1000,,Includes Physiotherapists .,EN,2023-01-11T22:00:00.000Z
HWF_0021,Physiotherapists (number),numeric,AFR,Africa,Country,AGO,Angola,Year,2004,true,,,,,,,,,,,,,116,,,,,,116,,Includes Physiotherapists .,EN,2023-01-11T22:00:00.000Z
HWF_0021,Physiotherapists (number),numeric,SEAR,South-East Asia,Country,MMR,Myanmar,Year,2004,true,,,,,,,,,,,,,118,,,,,,118,,Includes Physiotherapists .,EN,2023-01-11T22:00:00.000Z
HWF_0021,Physiotherapists (number),numeric,EMR,Eastern Mediterranean,Country,TUN,Tunisia,Year,2004,true,,,,,,,,,,,,,1200,,,,,,1200,,Includes Physiotherapists .,EN,2023-01-11T22:00:00.000Z
HWF_0021,Physiotherapists (number),numeric,EMR,Eastern Mediterranean,Country,JOR,Jordan,Year,2004,true,,,,,,,,,,,,,170,,,,,,170,,Includes Physiotherapists .,EN,2023-01-11T22:00:00.000Z
HWF_0021,Physiotherapists (number),numeric,AFR,Africa,Country,BDI,Burundi,Year,2004,true,,,,,,,,,,,,,2,,,,,,2,,Includes Physiotherapists .,EN,2023-01-11T22:00:00.000Z
HWF_0021,Physiotherapists (number),numeric,AFR,Africa,Country,COG,Congo,Year,2004,true,,,,,,,,,,,,,2,,,,,,2,,Includes Physiotherapists .,EN,2023-01-11T22:00:00.000Z
HWF_0021,Physiotherapists (number),numeric,EMR,Eastern Mediterranean,Country,SDN,Sudan,Year,2004,true,,,,,,,,,,,,,207,,,,,,207,,Includes Physiotherapists .,EN,2023-01-11T22:00:00.000Z
HWF_0021,Physiotherapists (number),numeric,EMR,Eastern Mediterranean,Country,PAK,Pakistan,Year,2004,true,,,,,,,,,,,,,220,,,,,,220,,Includes Physiotherapists .,EN,2023-01-11T22:00:00.000Z
HWF_0021,Physiotherapists (number),numeric,EMR,Eastern Mediterranean,Country,MAR,Morocco,Year,2004,true,,,,,,,,,,,,,377,,,,,,377,,Includes Physiotherapists .,EN,2023-01-11T22:00:00.000Z
HWF_0021,Physiotherapists (number),numeric,AFR,Africa,Country,CAF,Central African Republic,Year,2004,true,,,,,,,,,,,,,4,,,,,,4,,Includes Physiotherapists .,EN,2023-01-11T22:00:00.000Z
HWF_0021,Physiotherapists (number),numeric,AFR,Africa,Country,STP,Sao Tome and Principe,Year,2004,true,,,,,,,,,,,,,4,,,,,,4,,Includes Physiotherapists .,EN,2023-01-11T22:00:00.000Z
HWF_0021,Physiotherapists (number),numeric,AFR,Africa,Country,GIN,Guinea,Year,2004,true,,,,,,,,,,,,,7,,,,,,7,,Includes Physiotherapists .,EN,2023-01-11T22:00:00.000Z
HWF_0021,Physiotherapists (number),numeric,EMR,Eastern Mediterranean,Country,BHR,Bahrain,Year,2004,true,,,,,,,,,,,,,74,,,,,,74,,Includes Physiotherapists .,EN,2023-01-11T22:00:00.000Z
HWF_0021,Physiotherapists (number),numeric,AFR,Africa,Country,SYC,Seychelles,Year,2004,true,,,,,,,,,,,,,9,,,,,,9,,Includes Physiotherapists .,EN,2023-01-11T22:00:00.000Z
HWF_0022,Physiotherapy Technicians and Assistants  (number),numeric,WPR,Western Pacific,Country,KOR,Republic of Korea,Year,2004,true,,,,,,,,,,,,,23005,,,,,,23 005,,Includes Physiotherapy Technicians and Assistants .,EN,2023-01-11T22:00:00.000Z
HWF_0022,Physiotherapy Technicians and Assistants  (number),numeric,EMR,Eastern Mediterranean,Country,JOR,Jordan,Year,2004,true,,,,,,,,,,,,,370,,,,,,370,,Includes Physiotherapy Technicians and Assistants .,EN,2023-01-11T22:00:00.000Z
HWF_0022,Physiotherapy Technicians and Assistants  (number),numeric,AFR,Africa,Country,ERI,Eritrea,Year,2004,true,,,,,,,,,,,,,40,,,,,,40,,Includes Physiotherapy Technicians and Assistants .,EN,2023-01-11T22:00:00.000Z
HWF_0022,Physiotherapy Technicians and Assistants  (number),numeric,AFR,Africa,Country,COM,Comoros,Year,2004,true,,,,,,,,,,,,,9,,,,,,9,,Includes Physiotherapy Technicians and Assistants .,EN,2023-01-11T22:00:00.000Z
HWF_0022,Physiotherapy Technicians and Assistants  (number),numeric,AFR,Africa,Country,NER,Niger,Year,2004,true,,,,,,,,,,,,,9,,,,,,9,,Includes Physiotherapy Technicians and Assistants .,EN,2023-01-11T22:00:00.000Z
HWF_0021,Physiotherapists (number),numeric,AMR,Americas,Country,GRD,Grenada,Year,2003,true,,,,,,,,,,,,,1,,,,,,1,,Includes Physiotherapists .,EN,2023-01-11T22:00:00.000Z
HWF_0021,Physiotherapists (number),numeric,WPR,Western Pacific,Country,NIU,Niue,Year,2003,true,,,,,,,,,,,,,1,,,,,,1,,Includes Physiotherapists .,EN,2023-01-11T22:00:00.000Z
HWF_0021,Physiotherapists (number),numeric,AFR,Africa,Country,LSO,Lesotho,Year,2003,true,,,,,,,,,,,,,17,,,,,,17,,Includes Physiotherapists .,EN,2023-01-11T22:00:00.000Z
HWF_0022,Physiotherapy Technicians and Assistants  (number),numeric,WPR,Western Pacific,Country,MNG,Mongolia,Year,2002,true,,,,,,,,,,,,,20,,,,,,20,,Includes Physiotherapy Technicians and Assistants .,EN,2023-01-11T22:00:00.000Z
HWF_0022,Physiotherapy Technicians and Assistants  (number),numeric,EUR,Europe,Country,RUS,Russian Federation,Year,2000,true,,,,,,,,,,,,,36258,,,,,,36 258,,Includes Physiotherapy Technicians and Assistants .,EN,2023-01-11T22:00:00.000Z
HWF_0022,Physiotherapy Technicians and Assistants  (number),numeric,AMR,Americas,Country,ARG,Argentina,Year,1992,true,,,,,,,,,,,,,6000,,,,,,6000,,Includes Physiotherapy Technicians and Assistants .,EN,2023-01-11T22:00:00.000Z
HWF_0022,Physiotherapy Technicians and Assistants  (number),numeric,SEAR,South-East Asia,Country,IND,India,Year,1991,true,,,,,,,,,,,,,3228,,,,,,3228,,Includes Physiotherapy Technicians and Assistants .,EN,2023-01-11T22:00:00.000Z
