,Project_ID_Number,Project_ID,Master Stats Category Group,Master Stats Category,Program Name,Project Title,Nom du projet,Project Participant Type,Project Type,Project Start Date,Project End Date,Project Instruction Days,Ship,"Pre, Ship, or Post",Country,City,Project Venue,Project Comments,Finance: Location Code,Finance: Program Code,Finance: Purpose Code,powerappID,duplicate
1,24,Burns PUMP Mentoring | Surgeons | 01Sep19-29Mar20 | Africa Mercy | Senegal | Dakar | Africa Mercy,Educational and Spiritual Assistance,Medical Courses,MCB Mentoring,Burns PUMP Mentoring - Surgeons,Programme de mentorat  (PUMP) en brûlures,Surgeons,Mentoring,9/1/2019,3/29/2020,10,Africa Mercy,Ship,Senegal,Dakar,Africa Mercy,NA,3,BPLSN19,NA,Burns PUMP Mentoring | Senegal | 01-Sep-2019 - 29-Mar-2020,1
2,25,Burns PUMP Mentoring | Anesthesia Providers | 01Sep19-29Mar20 | Africa Mercy | Senegal | Dakar | Africa Mercy,Educational and Spiritual Assistance,Medical Courses,MCB Mentoring,Burns PUMP Mentoring - Anesthesia Providers,Programme de mentorat  (PUMP) en brûlures,Anesthesia Providers,Mentoring,9/1/2019,3/29/2020,10,Africa Mercy,Ship,Senegal,Dakar,Africa Mercy,NA,3,BPLSN19,NA,Burns PUMP Mentoring | Senegal | 01-Sep-2019 - 29-Mar-2020,1
3,26,Burns PUMP Mentoring | OR Nurses | 01Sep19-29Mar20 | Africa Mercy | Senegal | Dakar | Africa Mercy,Educational and Spiritual Assistance,Medical Courses,MCB Mentoring,Burns PUMP Mentoring - OR Nurses,Programme de mentorat  (PUMP) en brûlures,OR Nurses,Mentoring,9/1/2019,3/29/2020,9,Africa Mercy,Ship,Senegal,Dakar,Africa Mercy,NA,3,BPLSN19,NA,Burns PUMP Mentoring | Senegal | 01-Sep-2019 - 29-Mar-2020,1
4,27,Burns PUMP Mentoring | ICU Nurses | 01Sep19-29Mar20 | Africa Mercy | Senegal | Dakar | Africa Mercy,Educational and Spiritual Assistance,Medical Courses,MCB Mentoring,Burns PUMP Mentoring - ICU Nurses,Programme de mentorat  (PUMP) en brûlures,ICU Nurses,Mentoring,9/1/2019,3/29/2020,18,Africa Mercy,Ship,Senegal,Dakar,Africa Mercy,NA,3,BPLSN19,NA,Burns PUMP Mentoring | Senegal | 01-Sep-2019 - 29-Mar-2020,1
5,28,Burns PUMP Mentoring | PACU Nurses | 01Sep19-29Mar20 | Africa Mercy | Senegal | Dakar | Africa Mercy,Educational and Spiritual Assistance,Medical Courses,MCB Mentoring,Burns PUMP Mentoring - PACU Nurses,Programme de mentorat  (PUMP) en brûlures,PACU Nurses,Mentoring,9/1/2019,3/29/2020,6,Africa Mercy,Ship,Senegal,Dakar,Africa Mercy,NA,3,BPLSN19,NA,Burns PUMP Mentoring | Senegal | 01-Sep-2019 - 29-Mar-2020,1
6,29,Burns PUMP Mentoring | Ward Nurses | 01Sep19-29Mar20 | Africa Mercy | Senegal | Dakar | Africa Mercy,Educational and Spiritual Assistance,Medical Courses,MCB Mentoring,Burns PUMP Mentoring - Ward Nurses,Programme de mentorat  (PUMP) en brûlures,Ward Nurses,Mentoring,9/1/2019,3/29/2020,26,Africa Mercy,Ship,Senegal,Dakar,Africa Mercy,NA,3,BPLSN19,NA,Burns PUMP Mentoring | Senegal | 01-Sep-2019 - 29-Mar-2020,1
7,30,Burns PUMP Mentoring | Therapists | 01Sep19-29Mar20 | Africa Mercy | Senegal | Dakar | Africa Mercy,Educational and Spiritual Assistance,Medical Courses,MCB Mentoring,Burns PUMP Mentoring - Therapists,Programme de mentorat  (PUMP) en brûlures,Therapists,Mentoring,9/1/2019,3/29/2020,28,Africa Mercy,Ship,Senegal,Dakar,Africa Mercy,NA,3,BPLSN19,NA,Burns PUMP Mentoring | Senegal | 01-Sep-2019 - 29-Mar-2020,1
8,189,Clean Cut | Participants | 01Jan22-30Jun22 | Off-ship | Liberia | Gbarnga | Hospital: CB Dunbar,Educational and Spiritual Assistance,Medical Courses,Lifebox,Clean Cut - Hospital: CB Dunbar,Cours de Lifebox - Clean Cut,Participants,Course,1/1/2022,6/30/2022,2,Off-ship,NA,Liberia,Gbarnga,Hospital: CB Dunbar,"Courses include: Clean Cut, PPE - Best Practice & Guidelines, Pulse ox distribution and Training",62,LIFEBOX,NA,Clean Cut | Liberia | 01-Jan-2022 - 30-Jun-2022,1
9,190,Clean Cut | Participants | 01Jan22-30Jun22 | Off-ship | Liberia | Monrovia | Hospital: JFK,Educational and Spiritual Assistance,Medical Courses,Lifebox,Clean Cut - Hospital: JFK,Cours de Lifebox - Clean Cut,Participants,Course,1/1/2022,6/30/2022,2,Off-ship,NA,Liberia,Monrovia,Hospital: JFK,"Courses include: Clean Cut, PPE - Best Practice & Guidelines, Pulse ox distribution and Training",62,LIFEBOX,NA,Clean Cut | Liberia | 01-Jan-2022 - 30-Jun-2022,1
10,191,Clean Cut | Participants | 01Jan22-30Jun22 | Off-ship | Liberia | Monrovia | Eternal Love Winning Africa (ELWA) Hospital,Educational and Spiritual Assistance,Medical Courses,Lifebox,Clean Cut - Eternal Love Winning Africa (ELWA) Hospital,Cours de Lifebox - Clean Cut,Participants,Course,1/1/2022,6/30/2022,2,Off-ship,NA,Liberia,Monrovia,Eternal Love Winning Africa (ELWA) Hospital,"Courses include: Clean Cut, PPE - Best Practice & Guidelines, Pulse ox distribution and Training",62,LIFEBOX,NA,Clean Cut | Liberia | 01-Jan-2022 - 30-Jun-2022,1
11,126,Clean Cut | Participants | 01Mar21-30Jun21 | Off-ship | Liberia | Gbarnga | Hospital: CB Dunbar,Educational and Spiritual Assistance,Medical Courses,Lifebox,Clean Cut - Hospital: CB Dunbar,Cours de Lifebox - Clean Cut,Participants,Course,3/1/2021,6/30/2021,2,Off-ship,NA,Liberia,Clean Cut - Hospital: CB Dunbar,Hospital: CB Dunbar,"Courses include: Clean Cut, PPE - Best Practice & Guidelines, Pulse ox distribution and Training",62,LIFEBOX,NA,Clean Cut | Liberia | 01-Mar-2021 - 30-Jun-2021,1
12,127,Clean Cut | Participants | 01Mar21-30Jun21 | Off-ship | Liberia | Monrovia | Hospital: Redemption,Educational and Spiritual Assistance,Medical Courses,Lifebox,Clean Cut - Hospital: Redemption,Cours de Lifebox - Clean Cut,Participants,Course,3/1/2021,6/30/2021,2,Off-ship,NA,Liberia,Monrovia,Hospital: Redemption,"Courses include: Clean Cut, PPE - Best Practice & Guidelines, Pulse ox distribution and Training",62,LIFEBOX,NA,Clean Cut | Liberia | 01-Mar-2021 - 30-Jun-2021,1
13,128,Clean Cut | Participants | 01Mar21-30Jun21 | Off-ship | Liberia | Gbarnga | Hospital: Phebe,Educational and Spiritual Assistance,Medical Courses,Lifebox,Clean Cut - Hospital: Phebe,Cours de Lifebox - Clean Cut,Participants,Course,3/1/2021,6/30/2021,2,Off-ship,NA,Liberia,Gbarnga,Hospital: Phebe,"Courses include: Clean Cut, PPE - Best Practice & Guidelines, Pulse ox distribution and Training",62,LIFEBOX,NA,Clean Cut | Liberia | 01-Mar-2021 - 30-Jun-2021,1
14,129,Clean Cut | Participants | 01Mar21-30Jun21 | Off-ship | Liberia | Tubmanburg | Hospital: Bomi,Educational and Spiritual Assistance,Medical Courses,Lifebox,Clean Cut - Hospital: Bomi,Cours de Lifebox - Clean Cut,Participants,Course,3/1/2021,6/30/2021,2,Off-ship,NA,Liberia,Tubmanburg,Hospital: Bomi,"Courses include: Clean Cut, PPE - Best Practice & Guidelines, Pulse ox distribution and Training",62,LIFEBOX,NA,Clean Cut | Liberia | 01-Mar-2021 - 30-Jun-2021,1
15,130,Clean Cut | Participants | 01Mar21-30Jun21 | Off-ship | Liberia | Kakata | Hospital: CH Rennie,Educational and Spiritual Assistance,Medical Courses,Lifebox,Clean Cut - Hospital: CH Rennie,Cours de Lifebox - Clean Cut,Participants,Course,3/1/2021,6/30/2021,2,Off-ship,NA,Liberia,Kakata,Hospital: CH Rennie,"Courses include: Clean Cut, PPE - Best Practice & Guidelines, Pulse ox distribution and Training",62,LIFEBOX,NA,Clean Cut | Liberia | 01-Mar-2021 - 30-Jun-2021,1
16,291,Clean Cut | Participants | 15Nov22-15Nov22 | Off-ship | Liberia  | Gbarnga | C.B Dunbar Hospital,Educational and Spiritual Assistance,Medical Courses,Lifebox,Clean Cut - C.B Dunbar Hospital,Cours de Lifebox - Clean Cut,Participants,Course,11/15/2022,11/15/2022,NA,Off-ship,NA,Liberia,Gbarnga,C.B Dunbar Hospital,Sept-Nov21_Clean Cut Statistics for MS Updated.xlsx,NA,NA,NA,Clean Cut | Liberia | 15-Nov-2022 - 15-Nov-2022,1
17,292,Clean Cut | Participants | 15Nov22-15Nov22 | Off-ship | Liberia  | Paynesville Monrovia | ELWA Hospital Chapel,Educational and Spiritual Assistance,Medical Courses,Lifebox,Clean Cut - ELWA Hospital Chapel,Cours de Lifebox - Clean Cut,Participants,Course,11/15/2022,11/15/2022,NA,Off-ship,NA,Liberia,Paynesville Monrovia,ELWA Hospital Chapel,Sept-Nov21_Clean Cut Statistics for MS Updated.xlsx,NA,NA,NA,Clean Cut | Liberia | 15-Nov-2022 - 15-Nov-2022,1
18,268,Clean Cut | Participants | 21Apr22-22Apr22 | Off-ship | Liberia | Gbarnga | CBD Hospital,Educational and Spiritual Assistance,Medical Courses,Lifebox,Clean Cut - CBD Hospital,Cours de Lifebox - Clean Cut,Participants,Course,4/21/2022,4/22/2022,NA,Off-ship,NA,Liberia,Gbarnga,CBD Hospital,April22_Clean Cut Statistics for MS_Sent to Denny.xlsx,NA,NA,NA,Clean Cut | Liberia | 21-Apr-2022 - 22-Apr-2022,1
19,269,Clean Cut | Participants | 21Apr22-22Apr22 | Off-ship | Liberia | Gbarnga | CBD Hospital,Educational and Spiritual Assistance,Medical Courses,Lifebox,Clean Cut-1,Cours de Lifebox - Clean Cut,Participants,Course,4/21/2022,4/22/2022,NA,Off-ship,NA,Liberia,Gbarnga,CBD Hospital,April22_Clean Cut Statistics for MS_Sent to Denny.xlsx,NA,NA,NA,Clean Cut | Liberia | 21-Apr-2022 - 22-Apr-2022,1
20,289,Clean Cut | Participants | 22Sep22-22Sep22 | Off-ship | Liberia  | Gbarnga | C.B Dunbar Hospital,Educational and Spiritual Assistance,Medical Courses,Lifebox,Clean Cut,Cours de Lifebox - Clean Cut,Participants,Course,9/22/2022,9/22/2022,NA,Off-ship,NA,Liberia,Gbarnga,C.B Dunbar Hospital,Sept-Nov21_Clean Cut Statistics for MS Updated.xlsx,NA,NA,NA,Clean Cut | Liberia | 22-Sep-2022 - 22-Sep-2022,1
21,290,Clean Cut | Participants | 22Sep22-22Sep22 | Off-ship | Liberia  | Gbarnga | C.B Dunbar Hospital,Educational and Spiritual Assistance,Medical Courses,Lifebox,Clean Cut-1,Cours de Lifebox - Clean Cut,Participants,Course,9/22/2022,9/22/2022,NA,Off-ship,NA,Liberia,Gbarnga,C.B Dunbar Hospital,Sept-Nov21_Clean Cut Statistics for MS Updated.xlsx,NA,NA,NA,Clean Cut | Liberia | 22-Sep-2022 - 22-Sep-2022,1
22,99,Clubfoot Mentoring | Doctors | 01Sep19-29Mar20 | Africa Mercy | Senegal | Dakar | Africa Mercy,Educational and Spiritual Assistance,Medical Courses,MCB Mentoring,Clubfoot Mentoring - Doctors,Formation en Pieds bots,Doctors,Mentoring,9/1/2019,3/29/2020,105,Africa Mercy,Ship,Senegal,Dakar,Africa Mercy,NA,63,CLUBFOOT,NA,Clubfoot Mentoring | Senegal | 01-Sep-2019 - 29-Mar-2020,1
23,100,Clubfoot Mentoring | Healthcare Professionals | 01Sep19-29Mar20 | Africa Mercy | Senegal | Dakar | Africa Mercy,Educational and Spiritual Assistance,Medical Courses,MCB Mentoring,Clubfoot Mentoring - Healthcare Professionals,Formation en Pieds bots,Healthcare Professionals,Mentoring,9/1/2019,3/29/2020,105,Africa Mercy,Ship,Senegal,Dakar,Africa Mercy,NA,63,CLUBFOOT,NA,Clubfoot Mentoring | Senegal | 01-Sep-2019 - 29-Mar-2020,1
24,275,Leadership Development Training | Participants | 01Dec22-30Dec22 | Off-ship | Liberia | Harper | J. J. Dossen Hospital,Educational and Spiritual Assistance,Professional/Vocational Training,Leadership Development,Leadership Development Training,Formation au développement du leadership,Participants,Course,12/1/2022,12/30/2022,NA,Off-ship,NA,Liberia,Harper,J. J. Dossen Hospital,Leadership Development Training Oct Nov Dec 2022 Registers.xlsx,NA,NA,NA,Leadership Development Training | Liberia | 01-Dec-2022 - 30-Dec-2022,1
25,350,Leadership Development Training | Participants | 01Dec22-30Dec22 | Off-ship | Liberia | Harper | J. J. Dossen Hospital,Educational and Spiritual Assistance,Professional/Vocational Training,Leadership Development,Leadership Development Training-1,Formation au développement du leadership,Participants,Course,12/1/2022,12/30/2022,NA,Off-ship,NA,Liberia,Harper,J. J. Dossen Hospital,LiberiaMentoring - December -Dorine and Joshua (1).xlsx,NA,NA,NA,Leadership Development Training | Liberia | 01-Dec-2022 - 30-Dec-2022,1
26,351,Leadership Development Training | Participants | 01Dec22-30Dec22 | Off-ship | Liberia | Tappita | JFD Referral Hospital,Educational and Spiritual Assistance,Professional/Vocational Training,Leadership Development,Leadership Development Training - JFD Referral Hospital,Formation au développement du leadership,Participants,Course,12/1/2022,12/30/2022,NA,Off-ship,NA,Liberia,Tappita,JFD Referral Hospital,LiberiaMentoring - December -Dorine and Joshua (1).xlsx,NA,NA,NA,Leadership Development Training | Liberia | 01-Dec-2022 - 30-Dec-2022,1
27,260,Leadership Development Training | Participants | 01Feb22-28Feb22 | Off-ship | Liberia | Harper | Methodist Church Hall,Educational and Spiritual Assistance,Professional/Vocational Training,Leadership Development,Leadership Development Training - Methodist Church Hall,Formation au développement du leadership,Participants,Course,2/1/2022,2/28/2022,NA,Off-ship,NA,Liberia,Harper,Methodist Church Hall,220520 - Leadership development - statistics.xlsx,NA,NA,NA,Leadership Development Training | Liberia | 01-Feb-2022 - 28-Feb-2022,1
28,261,Leadership Development Training | Participants | 01Feb22-28Feb22 | Off-ship | Liberia | Harper | Church Hall,Educational and Spiritual Assistance,Professional/Vocational Training,Leadership Development,Leadership Development Training - Church Hall,Formation au développement du leadership,Participants,Course,2/1/2022,2/28/2022,NA,Off-ship,NA,Liberia,Harper,Church Hall,220520 - Leadership development - statistics.xlsx,NA,NA,NA,Leadership Development Training | Liberia | 01-Feb-2022 - 28-Feb-2022,1
29,262,Leadership Development Training | Participants | 01Feb22-28Feb22 | Off-ship | Liberia | Tapeta | Hospital,Educational and Spiritual Assistance,Professional/Vocational Training,Leadership Development,Leadership Development Training - Hospital,Formation au développement du leadership,Participants,Course,2/1/2022,2/28/2022,NA,Off-ship,NA,Liberia,Tapeta,Hospital,220520 - Leadership development - statistics.xlsx,NA,NA,NA,Leadership Development Training | Liberia | 01-Feb-2022 - 28-Feb-2022,1
30,263,Leadership Development Training | Participants | 01Feb22-28Feb22 | Off-ship | Liberia | Monrovia | Radio station,Educational and Spiritual Assistance,Professional/Vocational Training,Leadership Development,Leadership Development Training - Radio Station,Formation au développement du leadership,Participants,Course,2/1/2022,2/28/2022,NA,Off-ship,NA,Liberia,Monrovia,Radio station,220520 - Leadership development - statistics.xlsx,NA,NA,NA,Leadership Development Training | Liberia | 01-Feb-2022 - 28-Feb-2022,1
31,273,Leadership Development Training | Participants | 01Nov22-30Nov22 | Off-ship | Liberia | Tappita | Jackson F. Doe Referral Hospital,Educational and Spiritual Assistance,Professional/Vocational Training,Leadership Development,Leadership Development Training - Jackson F. Doe Referral Hospital,Formation au développement du leadership,Participants,Course,11/1/2022,11/30/2022,NA,Off-ship,NA,Liberia,Tappita,Jackson F. Doe Referral Hospital,Leadership Development Training Oct Nov Dec 2022 Registers.xlsx,NA,NA,NA,Leadership Development Training | Liberia | 01-Nov-2022 - 30-Nov-2022,1
32,274,Leadership Development Training | Participants | 01Nov22-30Nov22 | Off-ship | Liberia | Monrovia | Redemption Hospital,Educational and Spiritual Assistance,Professional/Vocational Training,Leadership Development,Leadership Development Training - Redemption Hospital,Formation au développement du leadership,Participants,Course,11/1/2022,11/30/2022,NA,Off-ship,NA,Liberia,Monrovia,Redemption Hospital,Leadership Development Training Oct Nov Dec 2022 Registers.xlsx,NA,NA,NA,Leadership Development Training | Liberia | 01-Nov-2022 - 30-Nov-2022,1
33,352,Leadership Development Training | Participants | 01Nov22-30Nov22 | Off-ship | Liberia | Gbarpolu | Emirates Hospital,Educational and Spiritual Assistance,Professional/Vocational Training,Leadership Development,Leadership Development Training - Emirates Hospital,Formation au développement du leadership,Participants,Course,11/1/2022,11/30/2022,NA,Off-ship,NA,Liberia,Gbarpolu,Emirates Hospital,Leadership Development Training Oct Nov Dec 2022 Registers (1).xlsx,NA,NA,NA,Leadership Development Training | Liberia | 01-Nov-2022 - 30-Nov-2022,1
34,353,Leadership Development Training | Participants | 01Nov22-30Nov22 | Off-ship | Liberia | Tappita | JFD Referral Hospital,Educational and Spiritual Assistance,Professional/Vocational Training,Leadership Development,Leadership Development Training - JFD Referral Hospital,Formation au développement du leadership,Participants,Course,11/1/2022,11/30/2022,NA,Off-ship,NA,Liberia,Tappita,JFD Referral Hospital,Leadership Development Training Oct Nov Dec 2022 Registers (1).xlsx,NA,NA,NA,Leadership Development Training | Liberia | 01-Nov-2022 - 30-Nov-2022,1
35,354,Leadership Development Training | Participants | 01Nov22-30Nov22 | Off-ship | Liberia | Monrovia | Redemption Hospital,Educational and Spiritual Assistance,Professional/Vocational Training,Leadership Development,Leadership Development Training-1,Formation au développement du leadership,Participants,Course,11/1/2022,11/30/2022,NA,Off-ship,NA,Liberia,Monrovia,Redemption Hospital,Leadership Development Training Oct Nov Dec 2022 Registers (1).xlsx,NA,NA,NA,Leadership Development Training | Liberia | 01-Nov-2022 - 30-Nov-2022,1
36,93,Maxillofacial PUMP Mentoring | Surgeons | 01Sep19-29Mar20 | Africa Mercy | Senegal | Dakar | Africa Mercy,Educational and Spiritual Assistance,Medical Courses,MCB Mentoring,Maxillofacial PUMP Mentoring - Surgeons,Programme de mentorat (PUMP) en chirurgie maxillo-faciale,Surgeons,Mentoring,9/1/2019,3/29/2020,10,Africa Mercy,Ship,Senegal,Dakar,Africa Mercy,NA,3,MFPSN19,NA,Maxillofacial PUMP Mentoring | Senegal | 01-Sep-2019 - 29-Mar-2020,1
37,94,Maxillofacial PUMP Mentoring | Anesthesia Providers | 01Sep19-29Mar20 | Africa Mercy | Senegal | Dakar | Africa Mercy,Educational and Spiritual Assistance,Medical Courses,MCB Mentoring,Maxillofacial PUMP Mentoring - Anesthesia Providers,Programme de mentorat (PUMP) en chirurgie maxillo-faciale,Anesthesia Providers,Mentoring,9/1/2019,3/29/2020,10,Africa Mercy,Ship,Senegal,Dakar,Africa Mercy,NA,3,MFPSN19,NA,Maxillofacial PUMP Mentoring | Senegal | 01-Sep-2019 - 29-Mar-2020,1
38,95,Maxillofacial PUMP Mentoring | Nurses | 01Sep19-29Mar20 | Africa Mercy | Senegal | Dakar | Africa Mercy,Educational and Spiritual Assistance,Medical Courses,MCB Mentoring,Maxillofacial PUMP Mentoring - Nurses,Programme de mentorat (PUMP) en chirurgie maxillo-faciale,Nurses,Mentoring,9/1/2019,3/29/2020,20,Africa Mercy,Ship,Senegal,Dakar,Africa Mercy,NA,3,MFPSN19,NA,Maxillofacial PUMP Mentoring | Senegal | 01-Sep-2019 - 29-Mar-2020,1
39,297,Mental Health Course | Participants | 21Mar22-25Mar22 | Off-ship | Liberia | Voinjama | NASSCORP Guesthouse,Educational and Spiritual Assistance,Professional/Vocational Training,Mental Health,Mental Health Course - NASSCORD Guesthouse,Cours de santé mentale,Participants,Course,3/21/2022,3/25/2022,NA,Off-ship,NA,Liberia,Voinjama,NASSCORP Guesthouse,Mental Health Liberia Stats_2022-March & April.xlsx,NA,NA,NA,Mental Health Course | Liberia | 21-Mar-2022 - 25-Mar-2022,1
40,298,Mental Health Course | Participants | 21Mar22-25Mar22 | Off-ship | Liberia | Voinjama | CoNASSCORP Guesthouserina Hotel,Educational and Spiritual Assistance,Professional/Vocational Training,Mental Health,Mental Health Course - CoNASSCORP Guesthouserina Hotel,Cours de santé mentale,Participants,Course,3/21/2022,3/25/2022,NA,Off-ship,NA,Liberia,Voinjama,CoNASSCORP Guesthouserina Hotel,Mental Health Liberia Stats_2022-March & April.xlsx,NA,NA,NA,Mental Health Course | Liberia | 21-Mar-2022 - 25-Mar-2022,1
41,267,MSSI Nurse Training | Participants | 26Sep22-30Sep22 | Off-ship | Liberia | Monrovia | Corina Hotel,Educational and Spiritual Assistance,Medical Courses,MSSI Nurse Training,MSSI Nurse Training,MSSI cours de soins infirmiers,Participants,Course,9/26/2022,9/30/2022,NA,Off-ship,NA,Liberia,Monrovia,Corina Hotel,22LI MSSI Nurse Training - Statistics.xlsx,NA,NA,NA,MSSI Nurse Training | Liberia | 26-Sep-2022 - 30-Sep-2022,1
42,360,MSSI Nurse Training | Participants | 26Sep22-30Sep22 | Off-ship | Liberia | Monrovia | Corina Hotel,Educational and Spiritual Assistance,Medical Courses,MSSI Nurse Training,MSSI Nurse Training-1,MSSI cours de soins infirmiers,Participants,Course,9/26/2022,9/30/2022,NA,Off-ship,NA,Liberia,Monrovia,Corina Hotel,22LI MSSI Nurse Training - Statistics (1).xlsx,NA,NA,NA,MSSI Nurse Training | Liberia | 26-Sep-2022 - 30-Sep-2022,1
43,64,Neonatal Resuscitation Course | Participants | 27Mar20-27Mar20 | Africa Mercy | Senegal | Dakar | Unknown,Educational and Spiritual Assistance,Medical Courses,Neonatal Resuscitation Courses,Neonatal Resuscitation Course,Cours de réanimation néonatale,Participants,Course,3/27/2020,3/27/2020,1,Africa Mercy,Ship,Senegal,Dakar,Unknown,NA,3,NNRSN19,NA,Neonatal Resuscitation Course | Senegal | 27-Mar-2020 - 27-Mar-2020,1
44,87,Neonatal Resuscitation Course | Participants | 27Mar20-27Mar20 | Africa Mercy | Senegal | Dakar | Unknown,Educational and Spiritual Assistance,Medical Courses,Neonatal Resuscitation Courses,Neonatal Resuscitation Course-1,Cours de réanimation néonatale,Participants,Course,3/27/2020,3/27/2020,1,Africa Mercy,Ship,Senegal,Dakar,Unknown,NA,3,NNRSN19,NA,Neonatal Resuscitation Course | Senegal | 27-Mar-2020 - 27-Mar-2020,1
45,96,Pediatric General PUMP Mentoring | Surgeons | 01Sep19-29Mar20 | Africa Mercy | Senegal | Dakar | Africa Mercy,Educational and Spiritual Assistance,Medical Courses,MCB Mentoring - Surgeons,Pediatric General PUMP Mentoring,Programme de mentorat  (PUMP) en pédiatrie générale,Surgeons,Mentoring,9/1/2019,3/29/2020,10,Africa Mercy,Ship,Senegal,Dakar,Africa Mercy,NA,3,PGPSN19,NA,Pediatric General PUMP Mentoring | Senegal | 01-Sep-2019 - 29-Mar-2020,1
46,97,Pediatric General PUMP Mentoring | Anesthesia Providers | 01Sep19-29Mar20 | Africa Mercy | Senegal | Dakar | Africa Mercy,Educational and Spiritual Assistance,Medical Courses,MCB Mentoring - Anesthesia Providers,Pediatric General PUMP Mentoring,Programme de mentorat  (PUMP) en pédiatrie générale,Anesthesia Providers,Mentoring,9/1/2019,3/29/2020,5,Africa Mercy,Ship,Senegal,Dakar,Africa Mercy,NA,3,PGPSN19,NA,Pediatric General PUMP Mentoring | Senegal | 01-Sep-2019 - 29-Mar-2020,1
47,98,Pediatric General PUMP Mentoring | Nurses | 01Sep19-29Mar20 | Africa Mercy | Senegal | Dakar | Africa Mercy,Educational and Spiritual Assistance,Medical Courses,MCB Mentoring - Nurses,Pediatric General PUMP Mentoring,Programme de mentorat  (PUMP) en pédiatrie générale,Nurses,Mentoring,9/1/2019,3/29/2020,10,Africa Mercy,Ship,Senegal,Dakar,Africa Mercy,NA,3,PGPSN19,NA,Pediatric General PUMP Mentoring | Senegal | 01-Sep-2019 - 29-Mar-2020,1
48,252,Primary Trauma Care | Participants | 17Oct22-25Oct22 | Off-ship | Senegal | Matam | Haayoo Hotel,Educational and Spiritual Assistance,Medical Courses,Primary Trauma Care Courses,Primary Trauma Care - Haayoo Hotel,Cours de soins primaires en traumatologie,Participants,Course,10/17/2022,10/25/2022,8,Off-ship,Ship,Senegal,Matam,Haayoo Hotel,Berger Dowevi,NA,NA,NA,Primary Trauma Care | Senegal | 17-Oct-2022 - 25-Oct-2022,1
49,253,Primary Trauma Care | Participants | 17Oct22-25Oct22 | Off-ship | Senegal | Saint-Louis | SINDONE Hotel,Educational and Spiritual Assistance,Medical Courses,Primary Trauma Care Courses,Primary Trauma Care - SINDONE Hotel,Cours de soins primaires en traumatologie,Participants,Course,10/17/2022,10/25/2022,8,Off-ship,Ship,Senegal,Saint-Louis,SINDONE Hotel,Berger Dowevi,NA,NA,NA,Primary Trauma Care | Senegal | 17-Oct-2022 - 25-Oct-2022,1
50,218,SAFE Obstetric Anesthesia - Training of Trainers | Training of Trainers | 03Jun22-03Jun22 | Off-ship | Senegal | Dakar | Colonia Hotel,Educational and Spiritual Assistance,Training of Trainers,SAFE Obstetric Anesthesia Courses,SAFE Obstetric Anesthesia - Training of Trainers - Colonia Hotel,Cours 'SAFE' en anesthésie obstétricale - Formation de formateurs,Training of Trainers,Mentoring,6/3/2022,6/3/2022,1,Off-ship,Ship,Senegal,Dakar,Colonia Hotel,Project manager: Marina Schmid,NA,NA,NA,SAFE Obstetric Anesthesia - Training of Trainers | Senegal | 03-Jun-2022 - 03-Jun-2022,1
51,233,SAFE Obstetric Anesthesia - Training of Trainers | Training of Trainers | 03Jun22-03Jun22 | Global Mercy | Senegal | Dakar | Hotel Colonia,Educational and Spiritual Assistance,Training of Trainers,SAFE Obstetric Anesthesia Courses,SAFE Obstetric Anesthesia - Training of Trainers - Hotel Colonia,Cours 'SAFE' en anesthésie obstétricale - Formation de formateurs,Training of Trainers,Course,6/3/2022,6/3/2022,NA,Global Mercy,Ship,Senegal,Dakar,Hotel Colonia,Marina Schmid,NA,NA,NA,SAFE Obstetric Anesthesia - Training of Trainers | Senegal | 03-Jun-2022 - 03-Jun-2022,1
52,265,SAFE Obstetric Anesthesia - Training of Trainers | Training of Trainers | 09Sep22-11Sep22 | Off-ship | South Africa | Rustenburg | Kaya Inkuni Lodge,Educational and Spiritual Assistance,Medical Courses,SAFE Obstetric Anesthesia,SAFE Obstetric Anesthesia - Training of Trainers - Training of Trainers,Cours 'SAFE' en anesthésie obstétricale,Training of Trainers,Course,9/9/2022,9/11/2022,NA,Off-ship,NA,South Africa,Rustenburg,Kaya Inkuni Lodge,https://mercyshipsorg.sharepoint.com/:x:/r/sites/teams.programs-StatisticsandReporting/Shared%20Documents/Statistics%20and%20Reporting/Project%20Statistics/Not%20yet%20transferred%20to%20main%20spreadsheet/2022%20-%20August/SAFE%20Obs%20Monthly%20stats%20_South%20Africa_Sep%202022.xlsx?d=w4ff6a2d9d96c4bbda9a7d5ee20f8ca23&csf=1&web=1&e=d3kzED,NA,NA,NA,SAFE Obstetric Anesthesia - Training of Trainers | South Africa | 09-Sep-2022 - 11-Sep-2022,1
53,324,SAFE Obstetric Anesthesia - Training of Trainers | Participants | 09Sep22-11Sep22 | Off-ship | South Africa | Rustenburg | Kaya Inkuni Lodge,Educational and Spiritual Assistance,Medical Courses,SAFE Obstetric Anesthesia - Training of Trainers,SAFE Obstetric Anesthesia - Training of Trainers - Participants,Cours 'SAFE' en anesthésie obstétricale,Participants,Course,9/9/2022,9/11/2022,NA,Off-ship,NA,South Africa,Rustenburg,Kaya Inkuni Lodge,SAFE Obs Monthly stats _South Africa_Sep 2022.xlsx,NA,NA,NA,SAFE Obstetric Anesthesia - Training of Trainers | South Africa | 09-Sep-2022 - 11-Sep-2022,1
54,236,"SAFE Obstetric Anesthesia - Training of Trainers | Training of Trainers | 11Feb22-11Feb22 | Off-ship | South Africa | Kimberley | Gyni Clinic, Robert Mangaliso Sobukwe",Educational and Spiritual Assistance,Training of Trainers,SAFE Obstetric Anesthesia Courses,SAFE Obstetric Anesthesia - Training of Trainers,Cours 'SAFE' en anesthésie obstétricale - Formation de formateurs,Training of Trainers,Course,2/11/2022,2/11/2022,NA,Off-ship,NA,South Africa,Kimberley,"Gyni Clinic, Robert Mangaliso Sobukwe",Project manager: Desiree Daniels,NA,NA,NA,SAFE Obstetric Anesthesia - Training of Trainers | South Africa | 11-Feb-2022 - 11-Feb-2022,1
55,305,"SAFE Obstetric Anesthesia - Training of Trainers | Participants | 11Feb22-11Feb22 | Off-ship | South Africa | Kimberley | Gyni Clinic, Robert Mangaliso Sobukwe",Educational and Spiritual Assistance,Medical Courses,SAFE Obstetric Anesthesia - Training of Trainers,SAFE Obstetric Anesthesia - Training of Trainers - Participants,Cours 'SAFE' en anesthésie obstétricale,Participants,Course,2/11/2022,2/11/2022,NA,Off-ship,NA,South Africa,Kimberley,"Gyni Clinic, Robert Mangaliso Sobukwe",SAFE Course stats SA as at August 2022 (2).xlsx,NA,NA,NA,SAFE Obstetric Anesthesia - Training of Trainers | South Africa | 11-Feb-2022 - 11-Feb-2022,1
56,254,SAFE Obstetric Anesthesia | Participants | 26Oct22-28Oct22 | Off-ship | Senegal | Matam | Haayoo Hotel,Educational and Spiritual Assistance,Medical Courses,SAFE Obstetric Anesthesia,SAFE Obstetric Anesthesia - Haayoo Hotel,Cours 'SAFE' en anesthésie obstétricale,Participants,Course,10/26/2022,10/28/2022,3,Off-ship,Ship,Senegal,Matam,Haayoo Hotel,Berger Dowevi,NA,NA,NA,SAFE Obstetric Anesthesia | Senegal | 26-Oct-2022 - 28-Oct-2022,1
57,255,SAFE Obstetric Anesthesia | Participants | 26Oct22-28Oct22 | Off-ship | Senegal | Saint-Louis | SINDONE Hotel,Educational and Spiritual Assistance,Medical Courses,SAFE Obstetric Anesthesia,SAFE Obstetric Anesthesia - SINDONE Hotel,Cours 'SAFE' en anesthésie obstétricale,Participants,Course,10/26/2022,10/28/2022,3,Off-ship,Ship,Senegal,Saint-Louis,SINDONE Hotel,Berger Dowevi,NA,NA,NA,SAFE Obstetric Anesthesia | Senegal | 26-Oct-2022 - 28-Oct-2022,1
58,339,SAFE Obstetric Anesthesia | Participants | 26Oct22-28Oct22 | Off-ship | Senegal | St Louis | SINDONE Hotel,Educational and Spiritual Assistance,Medical Courses,SAFE Obstetric Anesthesia,SAFE Obstetric Anesthesia-1,Cours 'SAFE' en anesthésie obstétricale,Participants,Course,10/26/2022,10/28/2022,NA,Off-ship,NA,Senegal,St Louis,SINDONE Hotel,SAFE Obs Participants Tracking Time_SEN_Oct 2022.xlsx,NA,NA,NA,SAFE Obstetric Anesthesia | Senegal | 26-Oct-2022 - 28-Oct-2022,1
59,217,SAFE Obstetric Anesthesia | Participants | 31May22-02Jun22 | Off-ship | Senegal | Dakar | Colonia Hotel,Educational and Spiritual Assistance,Professional/Vocational Training,SAFE Obstetric Anesthesia,SAFE Obstetric Anesthesia - Off-ship,Cours 'SAFE' en anesthésie obstétricale,Participants,Course,5/31/2022,6/2/2022,3,Off-ship,Ship,Senegal,Dakar,Colonia Hotel,Project manager: Marina Schmid,NA,NA,NA,SAFE Obstetric Anesthesia | Senegal | 31-May-2022 - 02-Jun-2022,1
60,232,SAFE Obstetric Anesthesia | Participants | 31May22-02Jun22 | Global Mercy | Senegal | Dakar | Hotel Colonia,Educational and Spiritual Assistance,Medical Courses,SAFE Obstetric Anesthesia,SAFE Obstetric Anesthesia - Global Mercy,Cours 'SAFE' en anesthésie obstétricale,Participants,Course,5/31/2022,6/2/2022,NA,Global Mercy,Ship,Senegal,Dakar,Hotel Colonia,Marina Schmid,NA,NA,NA,SAFE Obstetric Anesthesia | Senegal | 31-May-2022 - 02-Jun-2022,1
61,264,SAFE Obstetric Anesthesia | Participants | 09Sep22-11Sep22 | Off-ship | South Africa | Rustenburg | Kaya Inkuni Lodge,Educational and Spiritual Assistance,Medical Courses,SAFE Obstetric Anesthesia,SAFE Obstetric Anesthesia,Cours 'SAFE' en anesthésie obstétricale,Participants,Course,9/9/2022,9/11/2022,NA,Off-ship,NA,South Africa,Rustenburg,Kaya Inkuni Lodge,https://mercyshipsorg.sharepoint.com/:x:/r/sites/teams.programs-StatisticsandReporting/Shared%20Documents/Statistics%20and%20Reporting/Project%20Statistics/Not%20yet%20transferred%20to%20main%20spreadsheet/2022%20-%20August/SAFE%20Obs%20Monthly%20stats%20_South%20Africa_Sep%202022.xlsx?d=w4ff6a2d9d96c4bbda9a7d5ee20f8ca23&csf=1&web=1&e=d3kzED,NA,NA,NA,SAFE Obstetric Anesthesia | South Africa | 09-Sep-2022 - 11-Sep-2022,1
62,323,SAFE Obstetric Anesthesia | Participants | 09Sep22-11Sep22 | Off-ship | South Africa | Rustenburg | Kaya Inkuni Lodge,Educational and Spiritual Assistance,Medical Courses,SAFE Obstetric Anesthesia,SAFE Obstetric Anesthesia-1,Cours 'SAFE' en anesthésie obstétricale,Participants,Course,9/9/2022,9/11/2022,NA,Off-ship,NA,South Africa,Rustenburg,Kaya Inkuni Lodge,SAFE Obs Monthly stats _South Africa_Sep 2022.xlsx,NA,NA,NA,SAFE Obstetric Anesthesia | South Africa | 09-Sep-2022 - 11-Sep-2022,1
63,235,"SAFE Obstetric Anesthesia | Participants | 11Feb22-13Feb22 | Off-ship | South Africa | Kimberley | Gyni Clinic, Robert Mangaliso Sobukwe",Educational and Spiritual Assistance,Medical Courses,SAFE Obstetric Anesthesia,SAFE Obstetric Anesthesia,Cours 'SAFE' en anesthésie obstétricale,Participants,Course,2/11/2022,2/13/2022,NA,Off-ship,NA,South Africa,Kimberley,"Gyni Clinic, Robert Mangaliso Sobukwe",Project manager: Desiree Daniels,NA,NA,NA,SAFE Obstetric Anesthesia | South Africa | 11-Feb-2022 - 13-Feb-2022,1
64,306,"SAFE Obstetric Anesthesia | Participants | 11Feb22-13Feb22 | Off-ship | South Africa | Kimberley | Gyni Clinic, Robert Mangaliso Sobukwe",Educational and Spiritual Assistance,Medical Courses,SAFE Obstetric Anesthesia,SAFE Obstetric Anesthesia-1,Cours 'SAFE' en anesthésie obstétricale,Participants,Course,2/11/2022,2/13/2022,NA,Off-ship,NA,South Africa,Kimberley,"Gyni Clinic, Robert Mangaliso Sobukwe",SAFE Course stats SA as at August 2022 (2).xlsx,NA,NA,NA,SAFE Obstetric Anesthesia | South Africa | 11-Feb-2022 - 13-Feb-2022,1
65,310,SAFE Obstetric Anesthesia | Participants | 11Feb22-13Feb22 | Off-ship | South Africa | Kimberley |,Educational and Spiritual Assistance,Medical Courses,SAFE Obstetric Anesthesia,SAFE Obstetric Anesthesia-2,Cours 'SAFE' en anesthésie obstétricale,Participants,Course,2/11/2022,2/13/2022,NA,Off-ship,NA,South Africa,Kimberley,NA,SAFE Obs Course Kimberley Feb 2022 Hours plus Register and Marks.xlsx,NA,NA,NA,SAFE Obstetric Anesthesia | South Africa | 11-Feb-2022 - 13-Feb-2022,1
66,237,"SAFE Pediatrics Anesthesia | Participants | 13May22-15May22 | Off-ship | South Africa | Bloemfontein | Simulation Centre, UFS",Educational and Spiritual Assistance,Medical Courses,SAFE Pediatrics Anesthesia,SAFE Pediatrics Anesthesia,Cours 'SAFE' en anesthésie pédiatrique,Participants,Course,5/13/2022,5/15/2022,NA,Off-ship,NA,South Africa,Bloemfontein,"Simulation Centre, UFS",Project manager: Desiree Daniels,NA,NA,NA,SAFE Pediatrics Anesthesia | South Africa | 13-May-2022 - 15-May-2022,1
67,307,"SAFE Pediatrics Anesthesia | Participants | 13May22-15May22 | Off-ship | South Africa | Bloemfontein | Simulation Centre, UFS",Educational and Spiritual Assistance,Medical Courses,SAFE Pediatric Anesthesia,SAFE Pediatrics Anesthesia-1,Cours 'SAFE' en anesthésie pédiatrique,Participants,Course,5/13/2022,5/15/2022,NA,Off-ship,NA,South Africa,Bloemfontein,"Simulation Centre, UFS",SAFE Course stats SA as at August 2022 (2).xlsx,NA,NA,NA,SAFE Pediatrics Anesthesia | South Africa | 13-May-2022 - 15-May-2022,1
68,308,"SAFE Pediatrics Anesthesia | Participants | 13May22-15May22 | Off-ship | South Africa | Bloemfontein | Simulation Centre, UFS",Educational and Spiritual Assistance,Medical Courses,SAFE Pediatric Anesthesia,SAFE Pediatrics Anesthesia-2,Cours 'SAFE' en anesthésie pédiatrique,Participants,Course,5/13/2022,5/15/2022,NA,Off-ship,NA,South Africa,Bloemfontein,"Simulation Centre, UFS",SAFE Course stats SA as at August 2022 (2).xlsx,NA,NA,NA,SAFE Pediatrics Anesthesia | South Africa | 13-May-2022 - 15-May-2022,1
69,136,Togo Cataract Surgery Teaching Institute Investment | Patients | 20Jan21-31Dec23 | Off-ship | Togo | Lomé | Clinique Ophtalmologique Lumiere Divine,Medical Intervention,Health Care Services,Ophthalmic Surgery,Togo Cataract Surgery Teaching Institute Investment - Patients,Chirurgie ophtalmologique,Patients,Ophthalmic,1/20/2021,12/31/2023,250,Off-ship,NA,Togo,Lomé,Clinique Ophtalmologique Lumiere Divine,NA,67,VISION,TO21,Togo Cataract Surgery Teaching Institute Investment | Togo | 20-Jan-2021 - 31-Dec-2023,1
70,137,Togo Cataract Surgery Teaching Institute Investment | Surgeons | 20Jan21-31Dec23 | Off-ship | Togo | Lomé | Clinique Ophtalmologique Lumiere Divine,Educational and Spiritual Assistance,Medical Courses,MCB Surgeon Mentoring,Togo Cataract Surgery Teaching Institute Investment - Surgeons,Formation par mentorat des chirurgiens ophtalmologique,Surgeons,Mentoring,1/20/2021,12/31/2023,250,Off-ship,NA,Togo,Lomé,Clinique Ophtalmologique Lumiere Divine,NA,67,VISIONMCB,TO21,Togo Cataract Surgery Teaching Institute Investment | Togo | 20-Jan-2021 - 31-Dec-2023,1
